AR,MF,MT,PR,FPI,TPI,SE,GC
22,199.2092457,3.485366681,16.92307692,774.0909091,157.7727273,4.240642434,1
39,196.1678832,2.858783907,27.85714286,463.0769231,78.61538462,2.139955965,1
31,229.622871,4.281648957,28.18181818,535.8064516,116.3870968,3.15123584,1
20,304.136253,2.584653944,16.66666667,1200,118.8,3.235942147,1
30,258.5158151,3.302613372,25,680,101.2,2.756386861,1
38,290.4501217,3.172075294,34.54545455,552.8947368,70.34210526,1.946676556,1
30,278.2846715,2.884891523,25,732,88.4,2.42232698,1
35,313.2603406,2.571600136,31.81818182,647.4285714,61.91428571,1.729444251,1
36,311.7396594,2.297470172,27.69230769,740.2777778,63.55555556,1.772560527,1
46,288.9294404,3.524528105,38.33333333,495.6521739,70.43478261,1.948712637,1
41,293.4914842,2.96321437,34.16666667,564.8780488,66.43902439,1.843982635,1
45,298.053528,2.871837715,34.61538462,566.2222222,63.55555556,1.768758824,1
47,285.8880779,2.871837715,36.15384615,520,60.85106383,1.69363629,1
35,270.6812652,2.871837715,29.16666667,610.2857143,75.42857143,2.076116132,1
34,273.7226277,1.958071169,26.15384615,688.2352941,57.35294118,1.59746076,1
45,278.2846715,2.78046106,37.5,488,56.8,1.584059881,1
42,287.6520681,2.756964206,35,540.4571429,60.34285714,1.680644865,1
37,288.9294404,2.480223481,28.46153846,667.5675676,66.75675676,1.851144027,1
35,288.9294404,1.918909746,25,760,58.8,1.640071641,1
45,266.5450122,3.328720988,37.5,467.4133333,68,1.877906191,1
43,269.2518248,3.737305172,35.83333333,494.1209302,79.89767442,2.194272926,1
38,281.3260341,2.78046106,29.23076923,632.8947368,72.86842105,2.011158777,1
41,290.2980535,2.921442185,31.53846154,605.2926829,70.96097561,1.96305136,1
44,296.4111922,3.049369501,33.84615385,575.9,69.01818182,1.913212109,1
42,278.8017032,3.041537216,35,523.8285714,66.57142857,1.843414485,1
35,284.3673966,3.002375793,26.92307692,694.5714286,85.42857143,2.345192233,1
41,290.4501217,2.480223481,29.28571429,652.195122,64.87804878,1.801729126,1
43,288.9294404,3.302613372,33.07692308,574.4186047,76.48837209,2.109298868,1
34,331.9647202,3.429235308,26.15384615,834.6764706,100.4441176,2.756737711,1
35,349.756691,3.002375793,25,920,92,2.537679102,1
39,385.4927007,4.378247135,30,845,111.8,3.072849081,1
35,329.9878345,3.263451949,26.92307692,806,92.85714286,2.554925559,1
35,395.377129,4.568832729,26.92307692,965.7142857,130,3.558394161,1
40,380.1703163,4.177218495,33.33333333,750,96,2.652237091,1
34,377.1289538,3.211236718,24.28571429,1021.176471,101.2941176,2.791831656,1
40,358.8047445,4.104117171,33.33333333,707.85,94.32,2.601736111,1
35,369.5711679,3.686395322,26.92307692,902.6828571,104.8914286,2.88515972,1
37,380.1703163,3.132913871,26.42857143,945.9459459,90.81081081,2.514581187,1
38,410.5839416,5.221523118,31.66666667,852.6315789,126.3157895,3.464885602,1
42,342.1532847,4.307756573,32.30769231,696.4285714,102.1428571,2.804631078,1
50,352.7980535,3.041537216,35.71428571,649.6,65.24,1.828649635,1
51,361.9221411,2.910999138,34,700,65.58823529,1.840421895,1
45,352.7980535,2.871837715,32.14285714,721.7777778,68.44444444,1.913655342,1
42,357.3600973,5.495653082,30,783.3333333,140.3333333,3.821950752,1
40,372.7189781,4.908231731,30.76923077,796.575,122.2,3.345186199,1
40,380.1703163,4.307756573,30.76923077,812.5,107.25,2.950670789,1
31,380.1703163,2.610761559,25.83333333,967.7419355,77.41935484,2.159340144,1
25,364.9635036,4.960446962,19.23076923,1248,197.6,5.343200865,1
12,374.0875912,3.054591024,10,2460,234,6.311334144,1
20,377.1289538,3.067644832,15.38461538,1612,152.75,4.15682448,1
31,334.5498783,3.002375793,25.83333333,851.6129032,89.03225806,2.454728392,1
15,310.2189781,4.568832729,11.53846154,1768,303.3333333,8.132828692,1
20,345.1946472,6.135289664,15.38461538,1475.5,305.5,8.200020276,1
17,395.377129,9.137665457,14.16666667,1835.294118,494.1176471,13.21750314,1
10,396.8978102,6.918518132,7.692307692,3393,689,18.38765545,2
12,424.270073,8.197791296,10,2790,628,16.77708502,2
20,456.2043796,9.268203535,20,1500,355,9.543964585,1
12,436.4355231,6.096128241,10,2870,467,12.5095465,2
7,456.2043796,9.137665457,5.833333333,5142.857143,1200,31.95965126,2
15,349.756691,7.179594288,11.53846154,1993.333333,476.6666667,12.74190096,2
12,387.7737226,7.179594288,10,2550,550,14.69780684,2
25,329.9878345,5.874213508,20.83333333,1041.6,216,5.821590295,1
18,339.1119221,5.352061196,13.84615385,1610.555556,296.1111111,7.949267445,1
25,314.7810219,4.829908884,20.83333333,993.6,177.6,4.79871249,1
20,311.7396594,4.699370806,16.66666667,1230,216,5.816521357,1
20,334.5498783,3.916142339,15.38461538,1430,195,5.265781292,1
18,364.9635036,6.265827742,15,1600,320,8.590159503,1
15,418.1873479,7.440670444,12.5,2200,456,12.21267572,1
15,415.1459854,8.484975067,11.53846154,2366,563.3333333,15.05910944,1
15,406.0218978,6.787980054,11.53846154,2314,450.6666667,12.06781675,1
10,422.7493917,7.04905621,7.692307692,3614,702,18.73969316,2
12,488.1386861,7.584262329,9.230769231,3477.5,629.4166667,16.83240684,2
15,425.7907543,7.701746599,11.53846154,2426.666667,511.3333333,13.68263945,2
15,440.9975669,6.135289664,12.5,2320,376,10.09681671,1
12,445.5596107,8.354436989,9.230769231,3174.166667,693.3333333,18.51612485,2
12,440.9975669,6.787980054,10,2900,520,13.91676805,1
15,425.7907543,8.484975067,12.5,2240,520,13.91254393,1
12,471.4111922,8.876589301,9.230769231,3358.333333,736.6666667,19.67282824,2
15,463.8077859,7.440670444,11.53846154,2643.333333,494,13.23339078,1
12,486.6180049,7.440670444,9.230769231,3466.666667,617.5,16.51586577,2
25,410.5839416,4.960446962,20.83333333,1296,182.4,4.952656123,1
25,372.56691,5.352061196,17.85714286,1372,229.6,6.194190998,1
23,416.6666667,4.829908884,19.16666667,1429.565217,193.0434783,5.236689998,1
25,410.5839416,4.111949456,19.23076923,1404,163.8,4.459245742,1
35,395.377129,3.916142339,26.92307692,965.7142857,111.4285714,3.065741706,1
30,380.1703163,4.568832729,23.07692308,1083.333333,151.6666667,4.128931243,1
37,380.1703163,4.307756573,28.46153846,878.3783784,115.9459459,3.181351972,1
38,375.6082725,3.916142339,29.23076923,845,102.6315789,2.826888668,1
35,378.649635,3.002375793,26.92307692,924.8571429,85.42857143,2.371381744,1
38,368.0048662,3.524528105,29.23076923,827.8947368,92.36842105,2.552521307,1
40,360.4014599,3.642012375,33.33333333,711,83.7,2.320458232,1
40,361.9221411,3.876980915,30.76923077,773.5,96.525,2.661095059,1
40,380.1703163,3.655066183,30.76923077,812.5,91,2.519599892,1
40,349.756691,3.655066183,30.76923077,747.5,91,2.511151663,1
40,349.756691,4.046680417,30.76923077,747.5,100.75,2.769794201,1
40,339.1119221,3.485366681,30.76923077,724.75,86.775,2.396116349,1
40,334.5498783,3.73338903,30.76923077,715,92.95,2.558656056,1
40,351.2773723,2.924052946,30.76923077,750.75,72.8,2.028774669,1
40,364.9635036,3.916142339,30.76923077,780,97.5,2.687804136,1
27,299.5742092,2.584653944,20.76923077,948.5185185,95.33333333,2.612164324,1
25,299.5742092,2.584653944,20.83333333,945.6,95.04,2.604382941,1
35,349.756691,3.655066183,26.92307692,854.2857143,104,2.856008381,1
37,331.5085158,2.741299637,28.46153846,765.9459459,73.78378378,2.049380585,1
40,317.8223844,2.741299637,33.33333333,627,63,1.759512706,1
25,319.3430657,2.871837715,19.23076923,1092,114.4,3.123445526,1
35,270.6812652,2.741299637,26.92307692,661.1428571,78,2.144329549,1
35,349.756691,3.263451949,26.92307692,854.2857143,92.85714286,2.560416908,1
45,345.1946472,3.393990027,34.61538462,655.7777778,75.11111111,2.088392884,1
40,349.756691,3.263451949,33.33333333,690,75,2.086712625,1
30,319.3430657,2.741299637,23.07692308,910,91,2.502703433,1
38,349.756691,3.002375793,29.23076923,786.8421053,78.68421053,2.184445298,1
35,349.756691,3.263451949,26.92307692,854.2857143,92.85714286,2.560416908,1
35,319.3430657,2.871837715,26.92307692,780,81.71428571,2.256377206,1
39,316.3017032,2.702138214,30,693.3333333,69,1.918254934,1
35,349.756691,4.255541341,26.92307692,854.2857143,121.0857143,3.309248639,1
35,349.756691,3.916142339,26.92307692,854.2857143,111.4285714,3.053069362,1
40,349.756691,3.655066183,30.76923077,747.5,91,2.511151663,1
39,319.3430657,2.871837715,30,700,73.33333333,2.034051996,1
38,329.9878345,2.871837715,29.23076923,742.3684211,75.26315789,2.088202181,1
35,471.4111922,4.177218495,26.92307692,1151.428571,118.8571429,3.283923261,1
35,334.5498783,3.132913871,26.92307692,817.1428571,89.14285714,2.457662303,1
45,329.9878345,2.871837715,34.61538462,626.8888889,63.55555556,1.777629464,1
45,334.5498783,2.871837715,34.61538462,635.5555556,63.55555556,1.778896699,1
40,349.756691,3.002375793,30.76923077,747.5,74.75,2.080080765,1
45,319.3430657,2.676030598,34.61538462,606.6666667,59.22222222,1.659720345,1
47,334.5498783,3.132913871,36.15384615,608.5106383,66.38297872,1.853900997,1
50,339.1119221,4.307756573,38.46153846,579.8,85.8,2.370252095,1
40,349.756691,3.655066183,30.76923077,747.5,91,2.511151663,1
45,346.7153285,4.046680417,34.61538462,658.6666667,89.55555556,2.471989427,1
45,339.1119221,4.046680417,34.61538462,644.2222222,89.55555556,2.469877369,1
49,323.9051095,3.785604261,37.69230769,565.1020408,76.93877551,2.130962381,1
45,329.9878345,3.19818291,34.61538462,626.8888889,70.77777778,1.96921653,1
40,349.756691,3.002375793,30.76923077,747.5,74.75,2.080080765,1
45,364.6593674,2.640785317,34.61538462,692.7555556,58.44222222,1.651616803,1
46,302.6916058,3.614599379,35.38461538,562.5326087,78.25434783,2.159968506,1
54,293.6435523,4.205936872,41.53846154,464.8703704,77.56666667,2.139212738,1
40,334.5498783,3.655066183,30.76923077,715,91,2.506927548,1
45,349.756691,3.720335222,34.61538462,664.4444444,82.33333333,2.281247184,1
55,329.9878345,4.438294651,42.30769231,512.9090909,80.36363636,2.223504817,1
55,329.9878345,4.177218495,42.30769231,512.9090909,75.63636364,2.098102374,1
55,316.3017032,3.785604261,42.30769231,491.6363636,68.54545455,1.906197007,1
45,361.9221411,4.046680417,34.61538462,687.5555556,89.55555556,2.476213541,1
55,334.5498783,4.177218495,42.30769231,520,75.63636364,2.099369608,1
45,334.5498783,4.307756573,34.61538462,635.5555556,95.33333333,2.621879787,1
50,325.4257908,2.871837715,38.46153846,556.4,57.2,1.607765612,1
50,345.1946472,3.655066183,38.46153846,590.2,72.8,2.027085023,1
50,361.9221411,3.524528105,38.46153846,618.8,70.2,1.962760205,1
50,314.7810219,3.785604261,38.46153846,538.2,75.4,2.087608137,1
60,334.5498783,4.177218495,46.15384615,476.6666667,69.33333333,1.932166351,1
40,349.756691,4.307756573,30.76923077,747.5,107.25,2.94222256,1
30,336.0705596,4.568832729,23.07692308,957.6666667,151.6666667,4.11668131,1
20,334.5498783,3.916142339,15.38461538,1430,195,5.265781292,1
17,375.6082725,8.484975067,13.07692308,1888.823529,497.0588235,13.29003367,1
25,372.56691,4.673263191,19.23076923,1274,186.16,5.041839011,1
10,389.2944039,7.701746599,7.692307692,3328,767,20.4546837,2
20,395.377129,5.874213508,15.38461538,1690,292.5,7.869103136,1
40,346.7153285,7.440670444,30.76923077,741,185.25,5.010518045,1
40,334.5498783,6.526903898,30.76923077,715,162.5,4.403639497,1
45,319.3430657,6.787980054,34.61538462,606.6666667,150.2222222,4.073717371,1
42,351.2773723,6.135289664,32.30769231,715,145.4761905,3.95668794,1
35,360.4014599,4.568832729,26.92307692,880.2857143,130,3.548678697,1
21,384.8388078,6.846722189,17.5,1446.114286,299.7142857,8.057552355,1
22,364.9635036,7.179594288,16.92307692,1418.181818,325,8.722796702,1
10,364.9635036,5.221523118,7.692307692,3120,520,13.89564747,2
23,394.6319951,7.115630629,17.69230769,1466.795652,308.1,8.282724216,1
30,380.1703163,7.179594288,23.07692308,1083.333333,238.3333333,6.42797603,1
25,440.9975669,7.701746599,19.23076923,1508,306.8,8.26111787,1
35,422.7493917,7.571208522,26.92307692,1032.571429,215.4285714,5.832198857,1
33,440.9975669,7.597316137,25.38461538,1142.424242,229.2727273,6.204517806,1
25,402.9805353,6.918518132,19.23076923,1378,275.6,7.42290146,1
25,425.7907543,7.440670444,19.23076923,1456,296.4,7.981008381,1
30,406.0218978,7.832284677,23.07692308,1157,260,7.009918221,1
20,433.3941606,7.179594288,13.33333333,2137.5,412.5,11.0629562,2
26,312.7585158,3.388768504,20.3125,1012.529231,127.8030769,3.477165801,1
35,334.5498783,4.960446962,26.92307692,817.1428571,141.1428571,3.837089175,1
38,290.4501217,4.829908884,29.23076923,653.4210526,126.5789474,3.438496002,1
40,299.7414842,5.088374279,30.3030303,650.463,128.634,3.495592221,1
40,261.5723844,4.476150693,33.33333333,516.03,102.87,2.801536733,1
51,262.7128954,3.994465185,39.23076923,440.3686275,78,2.142116112,1
55,279.8053528,4.47092917,42.30769231,434.9090909,80.95454545,2.225240544,1
50,288.9294404,4.177218495,38.46153846,494,83.2,2.287341173,1
55,264.5985401,3.589797144,42.30769231,411.2727273,65,1.797783185,1
60,263.0778589,3.628958567,46.15384615,374.8333333,60.23333333,1.67091331,1
60,261.5571776,3.602850952,46.15384615,372.6666667,59.8,1.658995675,1
55,281.5389294,3.108111636,42.30769231,437.6036364,56.27818182,1.571121341,1
54,250.0912409,3.058507167,41.53846154,395.9222222,56.40555556,1.565764771,1
60,250.9124088,3.132913871,46.15384615,357.5,52,1.449124763,1
58,266.1192214,3.785604261,44.61538462,392.2413793,65,1.798205596,1
60,260.0364964,3.903088531,46.15384615,370.5,64.78333333,1.790768338,1
65,255.4744526,4.568832729,46.42857143,361.8461538,75.38461538,2.070725976,1
65,264.5985401,3.524528105,50,348,54,1.505981346,1
60,273.7226277,3.876980915,46.15384615,390,64.35,1.783074818,1
50,250.3041363,3.363966269,38.46153846,427.96,67.002,1.846920451,1
55,276.9312652,4.378247135,42.30769231,430.4418182,79.27636364,2.179924319,1
53,287.3479319,3.86784325,44.16666667,427.8339623,67.08679245,1.859459721,1
40,280.9154501,3.311751038,30.76923077,600.3725,82.4525,2.265285804,1
40,304.136253,3.132913871,30.76923077,650,78,2.153622601,1
47,316.3017032,4.842962692,33.57142857,619.5744681,110.5106383,3.019425894,1
48,342.1532847,5.156254079,36.92307692,609.375,106.9791667,2.932925988,1
38,312.5456204,5.000913767,29.23076923,703.1289474,131.0605263,3.563518456,1
48,316.5754258,4.919980158,36.92307692,563.8208333,102.0770833,2.795781306,1
43,321.7153285,5.327258961,33.07692308,639.6,123.3790698,3.362296221,1
60,316.3017032,6.39636582,42.85714286,485.3333333,114.3333333,3.120832207,1
63,349.756691,5.913374931,48.46153846,474.6031746,93.47619048,2.576838657,1
50,349.756691,4.829908884,38.46153846,598,96.2,2.64909435,1
50,313.8534063,5.342923531,38.46153846,536.614,106.418,2.910178596,1
54,318.8412409,6.14573271,45,465.9333333,104.6222222,2.863926718,1
53,313.7773723,5.882045793,40.76923077,506.1169811,110.5245283,3.019093158,1
40,334.5498783,5.874213508,30.76923077,715,146.25,3.9725686,1
50,364.9635036,6.657441976,38.46153846,624,132.6,3.618917275,1
57,364.9635036,6.39636582,43.84615385,547.3684211,111.754386,3.065936503,1
48,342.1532847,5.874213508,36.92307692,609.375,121.875,3.328074311,1
50,301.3686131,6.059577579,39.68253968,499.4136,116.9784,3.186850973,1
56,232.2536496,4.369109469,46.66666667,327.2785714,71.72142857,1.967100785,1
58,266.4537713,4.03493199,44.61538462,392.7344828,69.28103448,1.911863411,1
60,336.0705596,5.874213508,46.15384615,478.8333333,97.5,2.679778318,1
58,351.2773723,5.482599274,44.61538462,517.7586207,94.13793103,2.594815351,1
53,343.6739659,4.712424614,40.76923077,554.3396226,88.54716981,2.444394711,1
53,302.3874696,5.410803331,44.16666667,450.2264151,93.8490566,2.573571723,1
50,334.2457421,4.874291831,41.66666667,527.52,89.616,2.470129089,1
50,334.5498783,4.829908884,38.46153846,572,96.2,2.644870235,1
63,364.9635036,4.829908884,48.46153846,495.2380952,76.34920635,2.12672773,1
60,357.3600973,5.639244968,46.15384615,509.1666667,93.6,2.582235064,1
47,334.7171533,5.010051432,36.15384615,608.8148936,106.1574468,2.909062272,1
49,271.5328467,5.979949351,40.83333333,437.2897959,112.1877551,3.051479716,1
47,320.4683698,5.805028327,39.16666667,538.0595745,113.5404255,3.1009558,1
40,410.5839416,6.135289664,30.76923077,877.5,152.75,4.166117532,1
47,426.0948905,7.274887085,36.15384615,775.0212766,154.1468085,4.207479882,1
36,417.5638686,7.06602616,27.69230769,991.575,195.4694444,5.301293893,1
38,447.323601,7.673028222,29.23076923,1006.336842,201.0894737,5.458645473,1
30,456.2043796,6.918518132,23.07692308,1300,229.6666667,6.219192124,1
55,440.9975669,6.265827742,42.30769231,685.4545455,113.4545455,3.132157954,1
65,456.2043796,7.179594288,50,600,110,3.044741822,1
45,408.3181265,5.951230974,34.61538462,775.6955556,131.7044444,3.60720343,1
55,401.1861314,5.935566405,42.30769231,623.5745455,107.4745455,2.962465132,1
57,367.4270073,5.510012271,44.53125,542.5852632,94.78736842,2.616529272,1
55,375.7907543,5.111871133,45.83333333,539.1709091,85.44,2.370890781,1
55,376.4142336,5.631412683,45.83333333,540.0654545,94.12363636,2.601418611,1
50,402.9805353,5.874213508,38.46153846,689,117,3.2156495,1
50,439.4768856,5.874213508,35.71428571,809.2,126,3.464534334,1
50,453.163017,6.135289664,38.46153846,774.8,122.2,3.367531765,1
60,448.6009732,6.51385009,46.15384615,639.1666667,108.1166667,2.992669753,1
40,441.6666667,6.243636269,33.33333333,871.32,143.49,3.929107529,1
50,477.676399,7.622118372,41.66666667,753.888,140.136,3.850137199,1
40,513.7773723,7.699135838,33.33333333,1013.58,176.94,4.836481144,1
43,486.6180049,6.265827742,33.07692308,967.4418605,145.1162791,3.984735032,1
60,486.6180049,6.39636582,46.15384615,693.3333333,106.1666667,2.951501532,1
55,486.6180049,6.461634859,42.30769231,756.3636364,117,3.23888213,1
40,501.8248175,7.179594288,30.76923077,1072.5,178.75,4.881175656,1
40,505.9762774,7.303605462,33.33333333,998.19,167.85,4.593179745,1
30,536.8156934,7.810093204,24,1470.875,249.2916667,6.762185163,1
30,579.7445255,8.283946427,23.07692308,1652.04,274.9933333,7.455909255,1
28,631.0827251,9.529279691,21.53846154,1926.785714,338.9285714,9.166208049,2
22,638.6861314,10.18197008,16.92307692,2481.818182,460.9090909,12.404151,2
20,608.2725061,11.87896509,15.38461538,2600,591.5,15.85994526,2
17,626.6879562,11.88288124,13.07692308,3151.429412,696.1117647,18.64014295,2
13,636.7852798,12.20792105,10,4187.5,935.2,24.98534655,2
15,375.5626521,7.246168707,11.53846154,2140.406667,481.0866667,12.86632057,2
13,684.3065693,9.529279691,10.83333333,4153.846154,673.8461538,18.06549847,2
15,714.7201946,11.09573663,11.53846154,4073.333333,736.6666667,19.74041408,2
13,667.9440389,12.37109365,10,4392.4,947.7,25.32559476,2
13,707.1167883,13.0538078,10,4650,1000,26.72386118,2
12,689.0206813,11.92465342,9.230769231,4908.583333,989.625,26.44361229,2
12,669.0997567,11.74842702,8,5500,1125,30.02923087,2
10,729.9270073,11.87896509,6.666666667,7200,1365,36.4127129,2
10,668.6587591,14.21820745,7.692307692,5716.23,1415.96,37.74753227,2
8,701.0340633,14.35918858,5.714285714,8067.5,1925,51.26005339,2
9,562.6520681,4.046680417,9,4111.111111,344.4444444,9.293521522,2
9,626.4902676,6.184894134,7.5,5493.066667,631.7333333,16.93229307,2
10,577.8588808,6.265827742,7.692307692,4940,624,16.71363882,2
8,692.2749392,7.906691382,6.153846154,7397.65,984.2625,26.30226286,2
6,701.0340633,7.832284677,4.615384615,9988.333333,1300,34.68040349,2
10,684.3065693,9.790355847,7.692307692,5850,975,26.05433901,2
18,608.2725061,7.893637574,12.85714286,3111.111111,470.3222222,12.64540904,2
10,653.892944,7.571208522,7.692307692,5590,754,20.18332657,2
11,623.4793187,6.526903898,6.111111111,6709.090909,818.1818182,21.87745767,2
10,653.892944,7.571208522,7.692307692,5590,754,20.18332657,2
10,593.0656934,8.484975067,6.666666667,5850,975,26.02899432,2
10,570.2554745,9.790355847,6.666666667,5625,1125,30.00177413,2
10,623.4793187,9.137665457,7.692307692,5330,910,24.31315896,2
10,593.0656934,9.137665457,6.666666667,5850,1050,28.01855231,2
14,638.6861314,9.920893925,10,4200,760,20.3382671,2
10,684.3065693,11.09573663,7.692307692,5850,1105,29.50290619,2
10,539.8418491,1.931963554,9.090909091,3905,162.8,4.468623277,2
12,547.4452555,6.918518132,8,4500,662.5,17.72649703,2
11,517.0316302,3.916142339,8.461538462,4018.181818,354.5454545,9.548803116,2
10,585.4622871,9.529279691,7.692307692,5005,949,25.33716883,2
12,608.2725061,9.398741613,9.230769231,4333.333333,780,20.86036767,2
12,593.0656934,10.18197008,9.230769231,4225,845,22.58042714,2
10,562.6520681,9.790355847,6.666666667,5550,1125,29.99966207,2
11,564.1727494,9.790355847,7.333333333,5059.090909,1022.727273,27.28705086,2
12,547.4452555,10.57358431,8,4500,1012.5,27.01110097,2
10,547.4452555,8.093360833,6.666666667,5400,930,24.82258719,2
14,538.3211679,9.790355847,10,3540,750,20.04511354,2
12,562.6520681,9.137665457,8,4625,875,23.36780211,2
13,586.9829684,10.12975485,8.666666667,4453.846154,895.3846154,23.91531235,2
13,562.6520681,9.790355847,8.666666667,4269.230769,865.3846154,23.11273057,2
13,577.8588808,10.31250816,8.666666667,4384.615385,911.5384615,24.34129806,2
15,562.6520681,9.137665457,10.71428571,3453.333333,653.3333333,17.48755294,2
13,568.7347932,7.114325249,8.666666667,4315.384615,628.8461538,16.83966041,2
20,506.3868613,8.223898911,13.33333333,2497.5,472.5,12.67487835,2
10,577.8588808,9.137665457,6.666666667,5700,1050,28.0143282,2
8,585.4622871,8.093360833,5.333333333,7218.75,1162.5,31.00077724,2
11,608.2725061,9.790355847,7.333333333,5454.545455,1022.727273,27.29930079,2
15,517.0316302,3.263451949,11.53846154,2946.666667,216.6666667,5.891231864,2
15,517.0316302,3.655066183,11.53846154,2946.666667,242.6666667,6.580945301,2
10,486.6180049,3.916142339,7.692307692,4160,390,10.48087321,2
10,547.4452555,5.221523118,6.666666667,5400,600,16.06853204,2
10,608.2725061,7.832284677,6.666666667,6000,900,24.04366045,2
12,577.8588808,10.18197008,9.230769231,4116.666667,845,22.57620303,2
8,661.4963504,11.09573663,6.153846154,7068.75,1381.25,36.82477528,2
8,638.6861314,5.221523118,5.714285714,7350,700,18.74662071,2
8,684.3065693,11.42208182,5.333333333,8437.5,1640.625,43.71166616,2
10,653.892944,9.790355847,7.692307692,5590,975,26.04589078,2
10,608.2725061,10.44304624,7.692307692,5200,1040,27.75750203,2
8,577.8588808,9.790355847,6.153846154,6175,1218.75,32.49083367,2
13,579.379562,9.202934496,10,3810,705,18.86278386,2
8,593.0656934,9.007127379,6.153846154,6337.5,1121.25,29.9086324,2
12,570.2554745,8.876589301,9.230769231,4062.5,736.6666667,19.70028499,2
15,517.0316302,9.137665457,11.53846154,2946.666667,606.6666667,16.23693341,2
15,547.4452555,9.137665457,11.53846154,3120,606.6666667,16.24538163,2
10,577.8588808,11.35681278,7.692307692,4940,1131,30.16305082,2
8,623.4793187,10.44304624,6.153846154,6662.5,1300,34.6588605,2
6,684.3065693,7.832284677,5,9000,1200,32.02301298,2
5,699.513382,4.568832729,3.846153846,11960,910,24.33427954,2
8,669.0997567,9.137665457,6.153846154,7150,1137.5,30.36082387,2
10,577.8588808,8.484975067,8.333333333,4560,780,20.85191944,2
10,517.0316302,7.832284677,7.692307692,4420,780,20.83502298,2
9,623.4793187,7.832284677,6.923076923,5922.222222,866.6666667,23.16363657,2
15,577.8588808,7.832284677,11.53846154,3293.333333,520,13.95478508,2
11,577.8588808,9.137665457,8.461538462,4490.909091,827.2727273,22.10594387,2
9,608.2725061,8.484975067,6.923076923,5777.777778,938.8888889,25.07528311,2
9,638.6861314,7.179594288,6.923076923,6066.666667,794.4444444,21.25199003,2
8,623.4793187,3.263451949,6.153846154,6662.5,406.25,10.94996114,2
10,600.6690998,3.655066183,7.692307692,5135,364,9.822840633,2
10,456.2043796,4.568832729,5.882352941,5100,595,15.91055015,3
12,319.3430657,5.221523118,7.058823529,2975,566.6666667,15.12092232,3
10,266.1192214,3.263451949,6.666666667,2625,375,10.02171195,3
12,258.5158151,4.568832729,7.5,2266.666667,466.6666667,12.45128188,3
12,228.1021898,4.438294651,7.058823529,2125,481.6666667,12.84074525,3
11,243.3090024,3.524528105,6.875,2327.272727,392.7272727,10.48563494,3
10,228.1021898,3.263451949,5.882352941,2550,425,11.33752366,3
10,228.1021898,3.524528105,5.882352941,2550,459,12.23945661,3
7,235.7055961,3.655066183,4.117647059,3764.285714,680,18.10413287,3
10,228.1021898,3.916142339,5.882352941,2550,510,13.59235604,3
10,243.3090024,3.916142339,5.882352941,2720,510,13.59658016,3
12,220.4987835,4.568832729,7.058823529,2054.166667,495.8333333,13.21443859,3
10,223.540146,4.829908884,5.882352941,2499,629,16.74785415,3
12,288.9294404,5.874213508,7.058823529,2691.666667,637.5,16.99150108,3
10,258.5158151,4.829908884,5.882352941,2890,629,16.75756961,3
8,255.4744526,4.529671305,4.705882353,3570,737.375,19.63163608,3
8,266.1192214,3.916142339,4.444444444,3937.5,675,17.9799439,3
10,253.9537713,3.916142339,5.882352941,2839,510,13.59953704,3
10,304.136253,5.221523118,5.882352941,3400,680,18.12314139,3
5,304.136253,4.568832729,2.941176471,6800,1190,31.65213571,3
12,235.7055961,5.221523118,7.058823529,2195.833333,566.6666667,15.09768969,3
10,220.4987835,3.73338903,5.882352941,2465,486.2,12.95889092,3
8,220.4987835,3.916142339,4.705882353,3081.25,637.5,16.97249257,3
12,237.2262774,4.568832729,7.058823529,2210,495.8333333,13.21908511,3
10,235.7055961,3.615904759,5.882352941,2635,470.9,12.5572452,3
12,319.3430657,5.613137352,7.5,2800,573.3333333,15.29777192,2
10,273.7226277,5.221523118,5.882352941,3060,680,18.11469316,2
15,501.8248175,11.74842702,11.53846154,2860,780,20.83079886,2
13,471.4111922,9.137665457,8.125,3815.384615,861.5384615,22.98535727,2
10,486.6180049,9.790355847,6.666666667,4800,1125,29.9785415,2
10,471.4111922,6.526903898,7.692307692,4030,650,17.37378345,2
6,486.6180049,10.18197008,4,8000,1950,51.86367937,2
5,380.1703163,3.524528105,3.125,8000,864,23.02531089,3
12,258.5158151,5.613137352,8,2125,537.5,14.33030887,3
7,273.7226277,5.221523118,4.375,4114.285714,914.2857143,24.32969335,3
8,349.756691,3.916142339,4.705882353,4887.5,637.5,17.00839754,3
7,304.136253,5.221523118,4.375,4571.428571,914.2857143,24.33814158,3
9,319.3430657,6.526903898,5.625,3733.333333,888.8888889,23.66865294,3
10,273.7226277,2.610761559,5,3600,400,10.68701,3
10,258.5158151,4.960446962,5.555555556,3060,684,18.21657881,3
8,288.9294404,4.568832729,4.705882353,4037.5,743.75,19.81004157,3
10,317.8223844,4.829908884,5.555555556,3762,666,17.75555893,3
10,319.3430657,5.221523118,5,4200,800,21.31065829,3
10,273.7226277,3.524528105,5.555555556,3240,486,12.96836983,3
10,304.136253,4.568832729,5.555555556,3600,630,16.7967694,3
7,304.136253,3.916142339,3.888888889,5142.857143,771.4285714,20.54850732,3
10,410.5839416,3.916142339,5.555555556,4860,540,14.43886861,3
8,326.946472,3.746442837,4,5375,717.5,19.12425656,3
8,281.3260341,3.263451949,4,4625,625,16.65779603,3
11,331.5085158,3.524528105,5.5,3963.636364,490.9090909,13.11464708,3
11,223.540146,3.524528105,5.789473684,2539.090909,466.3636364,12.4335278,3
13,228.1021898,3.341774796,6.5,2307.692308,393.8461538,10.51109188,3
8,221.4111922,2.610761559,4,3640,500,13.32522303,3
12,288.9294404,3.916142339,6.315789474,3008.333333,475,12.68079211,3
12,334.5498783,6.526903898,6.666666667,3300,750,19.98851041,3
13,319.3430657,6.526903898,8.666666667,2423.076923,576.9230769,15.39299863,3
10,273.7226277,4.568832729,5.555555556,3240,630,16.78832117,3
8,304.136253,3.916142339,4.705882353,4250,637.5,16.9957252,3
12,212.8953771,3.655066183,6.666666667,2100,420,11.20066234,3
11,243.3090024,4.960446962,5.789473684,2763.636364,656.3636364,17.47923272,3
10,228.1021898,4.177218495,5.555555556,2700,576,15.34316707,3
10,228.1021898,3.916142339,5.263157895,2850,570,15.18400243,3
8,243.3090024,3.354828604,4,4000,642.5,17.11146594,3
10,270.6812652,4.829908884,5.263157895,3382,703,18.72397945,3
10,258.5158151,3.916142339,5.263157895,3230,570,15.19245066,3
4,304.136253,4.699370806,2.352941176,8500,1530,40.67146526,3
5,334.5498783,5.221523118,2.777777778,7920,1440,38.2924439,3
8,266.1192214,3.916142339,4.210526316,4156.25,712.5,18.9747229,3
11,299.5742092,5.835052085,7.333333333,2686.363636,609.5454545,16.25289544,3
9,319.3430657,4.568832729,5.625,3733.333333,622.2222222,16.59466898,3
8,304.136253,3.916142339,4,5000,750,19.98006218,3
9,256.9951338,3.707281414,4.5,3755.555556,631.1111111,16.81314957,3
8,260.0364964,3.916142339,4.444444444,3847.5,675,17.97825426,3
5,319.3430657,3.602850952,2.631578947,7980,1048.8,27.91068532,3
10,228.1021898,4.177218495,5.555555556,2700,576,15.34316707,3
8,258.5158151,3.655066183,4.210526316,4037.5,665,17.71255745,3
11,288.9294404,5.221523118,7.333333333,2590.909091,545.4545455,14.54977082,3
12,288.9294404,5.874213508,8,2375,562.5,15.00194309,3
10,349.756691,7.649531368,6.25,3680,937.6,24.96928224,2
11,419.7080292,9.398741613,7.857142857,3512.727273,916.3636364,24.42536681,2
12,258.5158151,3.655066183,7.058823529,2408.333333,396.6666667,10.59436109,2
10,273.7226277,3.916142339,5.882352941,3060,510,13.60502839,3
8,410.5839416,5.482599274,5.333333333,5062.5,787.5,21.00440998,2
8,547.4452555,7.179594288,5,7200,1100,29.33225196,2
9,562.6520681,3.655066183,6.428571429,5755.555556,435.5555556,11.71046604,2
10,562.6520681,5.221523118,6.666666667,5550,600,16.07275615,2
10,486.6180049,3.916142339,6.666666667,4800,450,12.0725196,2
10,532.2384428,6.526903898,6.666666667,5250,750,20.0434239,2
10,486.6180049,6.526903898,6.666666667,4800,750,20.03075155,2
8,532.2384428,6.526903898,5.333333333,6562.5,937.5,25.01731887,2
8,547.4452555,8.484975067,5.714285714,6300,1137.5,30.32703095,2
8,486.6180049,8.484975067,5.333333333,6000,1218.75,32.46548898,2
8,501.8248175,9.007127379,5.333333333,6187.5,1293.75,34.45927109,2
10,577.8588808,9.137665457,7.142857143,5320,980,26.15740741,2
10,425.7907543,4.699370806,7.142857143,3920,504,13.48810489,2
12,453.163017,5.482599274,7.5,3973.333333,560,14.98124493,2
10,440.9975669,4.568832729,6.666666667,4350,525,14.04940524,2
8,440.9975669,3.524528105,5,5800,540,14.44731684,2
9,532.2384428,4.829908884,5.625,6222.222222,657.7777778,17.59700445,2
8,349.756691,2.088609247,4.705882353,4887.5,340,9.116484185,3
9,501.8248175,2.349685403,5.625,5866.666667,320,8.628176534,2
9,486.6180049,3.916142339,6,5333.333333,500,13.39889159,2
10,517.0316302,4.568832729,6.666666667,5100,525,14.07052582,2
6,593.0656934,4.568832729,4,9750,875,23.37625034,2
8,608.2725061,6.526903898,5.333333333,7500,937.5,25.03843944,2
7,577.8588808,6.526903898,4.666666667,8142.857143,1071.428571,28.58277334,2
8,638.6861314,7.832284677,5.333333333,7875,1125,30.02078264,2
11,653.892944,10.44304624,7.333333333,5863.636364,1090.909091,29.12066222,2
10,577.8588808,3.263451949,7.692307692,4940,325,8.781934307,2
10,517.0316302,3.916142339,7.142857143,4760,420,11.28514463,2
20,486.6180049,3.785604261,15.38461538,2080,188.5,5.135594079,2
20,501.8248175,4.177218495,15.38461538,2145,208,5.657103271,2
17,517.0316302,5.221523118,13.07692308,2600,305.8823529,8.257895616,2
15,638.6861314,7.832284677,12.5,3360,480,12.91058394,2
10,760.3406326,7.832284677,7.692307692,6500,780,20.90260881,2
25,714.7201946,12.40111741,19.23076923,2444,494,13.30308867,1
15,737.5304136,10.44304624,11.53846154,4203.333333,693.3333333,18.59722785,2
10,745.13382,11.09573663,7.692307692,6370,1105,29.51980265,2
15,760.3406326,12.40111741,11.53846154,4333.333333,823.3333333,22.05213121,2
15,752.7372263,11.74842702,12.5,3960,720,19.30885036,2
15,745.13382,11.74842702,11.53846154,4246.666667,780,20.8983847,2
12,821.1678832,9.137665457,10,5400,700,18.79731008,1
15,775.5474453,11.09573663,12.5,4080,680,18.25408894,2
10,790.7542579,10.44304624,8.333333333,6240,960,25.68599622,1
12,775.5474453,11.74842702,8,6375,1125,30.05879968,2
25,684.3065693,3.263451949,19.23076923,2340,130,3.638652338,2
25,638.6861314,5.221523118,19.23076923,2184,208,5.695120303,2
20,669.0997567,7.832284677,15.38461538,2860,390,10.53156258,2
15,745.13382,9.398741613,11.53846154,4246.666667,624,16.76010408,2
15,760.3406326,9.137665457,11.53846154,4333.333333,606.6666667,16.30451924,2
18,821.1678832,10.44304624,12.85714286,4200,622.2222222,16.73406476,2
11,805.9610706,10.70412239,8.461538462,6263.636364,969.0909091,25.93137887,2
15,805.9610706,12.40111741,11.53846154,4593.333333,823.3333333,22.06480355,2
15,821.1678832,13.0538078,10,5400,1000,26.75554204,2
12,608.2725061,5.221523118,13.33333333,3000,300,8.12719654,2
15,729.9270073,9.790355847,10,4800,750,20.09833739,2
15,714.7201946,9.137665457,8.333333333,5640,840,22.48158286,2
12,760.3406326,14.35918858,8,6250,1375,36.68643552,2
15,775.5474453,13.0538078,10.71428571,4760,933.3333333,24.9743737,2
14,729.9270073,12.00950317,9.333333333,5142.857143,985.7142857,26.35123392,2
14,749.6958637,12.00950317,9.333333333,5282.142857,985.7142857,26.35672527,2
12,760.3406326,14.35918858,8,6250,1375,36.68643552,2
12,775.5474453,12.00950317,8,6375,1150,30.72198567,2
12,699.513382,7.179594288,8,5750,687.5,18.43192417,2
15,669.0997567,9.137665457,10,4400,700,18.75506894,2
12,729.9270073,11.74842702,8,6000,1125,30.04612733,2
15,684.3065693,4.307756573,9.375,4800,352,9.527743985,2
8,745.13382,9.137665457,5,9800,1400,37.3453974,2
12,699.513382,9.137665457,7.5,6133.333333,933.3333333,24.95325313,2
15,532.2384428,4.568832729,10,3500,350,9.432447959,2
10,562.6520681,3.916142339,6.666666667,5550,450,12.09364017,2
12,608.2725061,4.177218495,7.5,5333.333333,426.6666667,11.48733892,2
12,699.513382,7.832284677,8,5750,750,20.08988916,2
10,760.3406326,13.0538078,6.666666667,7500,1500,40.0023655,2
10,760.3406326,12.79273164,6.666666667,7500,1470,39.20654231,2
15,775.5474453,13.0538078,10,5100,1000,26.74286969,2
30,532.2384428,5.221523118,20,1750,200,5.453331982,2
35,638.6861314,14.35918858,19.44444444,2160,565.7142857,15.1843645,2
17,722.323601,8.746051223,11.33333333,4191.176471,591.1764706,15.88304371,2
20,729.9270073,12.79273164,11.76470588,4080,833,22.3001149,2
20,821.1678832,14.35918858,11.76470588,4590,935,25.03125845,2
20,881.9951338,10.96519855,11.11111111,5220,756,20.29974317,2
20,790.7542579,14.35918858,12.5,4160,880,23.56380103,2
8,881.9951338,9.398741613,5.714285714,10150,1260,33.66957286,2
12,684.3065693,6.526903898,7.5,6000,666.6666667,17.87504506,2
10,714.7201946,13.70649819,6.25,7520,1680,44.76463233,2
12,623.4793187,8.484975067,7.5,5466.666667,866.6666667,23.16363657,2
12,684.3065693,14.35918858,7.5,6000,1466.666667,39.09699694,2
10,760.3406326,14.35918858,6.25,8000,1760,46.89949986,2
12,714.7201946,13.0538078,7.5,6266.666667,1333.333333,35.56845319,2
13,684.3065693,14.35918858,8.666666667,5192.307692,1269.230769,33.85952804,2
12,745.13382,12.40111741,8,6125,1187.5,31.70831644,2
12,714.7201946,11.74842702,8,5875,1125,30.04190322,2
10,729.9270073,12.40111741,6.25,7680,1520,40.52446607,2
9,760.3406326,14.35918858,5.625,8888.888889,1955.555556,52.0870881,2
12,805.9610706,4.699370806,10,5300,360,9.773756421,2
15,608.2725061,7.179594288,12.5,3200,440,11.84103812,2
12,790.7542579,11.09573663,9.230769231,5633.333333,920.8333333,24.64700482,2
6,775.5474453,7.832284677,4,12750,1500,40.00658962,2
12,638.6861314,7.179594288,7.5,5600,733.3333333,19.6308687,2
15,669.0997567,11.74842702,9.375,4693.333333,960,25.6522033,2
11,760.3406326,14.35918858,7.333333333,6818.181818,1500,40.0023655,2
15,691.9099757,11.74842702,9.375,4853.333333,960,25.65853947,2
20,669.0997567,10.44304624,11.76470588,3740,680,18.22452014,2
7,752.7372263,5.874213508,4.375,11314.28571,1028.571429,27.49446038,2
10,881.9951338,5.221523118,7.692307692,7540,520,14.03926737,2
15,608.2725061,5.221523118,10,4000,400,10.77994052,2
12,608.2725061,3.263451949,7.5,5333.333333,333.3333333,9.011444535,2
15,577.8588808,5.221523118,10,3800,400,10.7714923,2
10,760.3406326,13.0538078,6.666666667,7500,1500,40.0023655,2
10,714.7201946,13.0538078,6.666666667,7050,1500,39.98969316,2
13,729.9270073,11.74842702,8.666666667,5538.461538,1038.461538,27.7504835,2
13,729.9270073,11.09573663,8.666666667,5538.461538,980.7692308,26.22005428,2
15,547.4452555,5.221523118,9.375,3840,426.6666667,11.47044246,2
10,638.6861314,9.137665457,6.25,6720,1120,29.88814544,2
12,653.892944,9.137665457,7.5,5733.333333,933.3333333,24.94058079,2
10,653.892944,11.74842702,6.666666667,6450,1350,35.99368072,2
10,684.3065693,11.74842702,6.25,7200,1440,38.38959854,2
12,653.892944,11.74842702,7.5,5733.333333,1200,32.01456475,2
15,653.892944,10.44304624,9.375,4586.666667,853.3333333,22.8183856,2
15,577.8588808,4.960446962,9.375,4053.333333,405.3333333,10.91297197,2
25,486.6180049,5.221523118,16.66666667,1920,240,6.501757232,2
15,608.2725061,10.44304624,10,4000,800,21.39091646,2
15,562.6520681,9.790355847,9.375,3946.666667,800,21.37824412,2
10,638.6861314,11.74842702,7.142857143,5880,1260,33.60198702,2
20,760.3406326,7.832284677,13.33333333,3750,450,12.14855366,2
10,760.3406326,8.484975067,6.25,8000,1040,27.79974317,2
7,760.3406326,14.35918858,4.375,11428.57143,2514.285714,66.90876878,2
10,745.13382,11.74842702,6.666666667,7350,1350,36.01902541,2
5,760.3406326,11.74842702,3.125,16000,2880,76.6102325,2
10,790.7542579,9.137665457,6.666666667,7800,1050,28.0734658,2
10,775.5474453,13.0538078,6.666666667,7650,1500,40.00658962,2
9,745.13382,13.0538078,6,8166.666667,1666.666667,44.41938136,2
13,790.7542579,15.66456935,8.125,6400,1476.923077,39.39864204,2
10,790.7542579,13.0538078,6.666666667,7800,1500,40.01081373,2
10,760.3406326,11.09573663,6.25,8000,1360,36.28852393,2
10,790.7542579,11.35681278,6.25,8320,1392,37.14585023,2
25,608.2725061,2.610761559,15.625,2560,128,3.564476886,2
20,577.8588808,4.177218495,12.5,3040,256,6.951540957,2
20,590.0243309,4.62104796,13.33333333,2910,265.5,7.206930927,2
15,749.6958637,11.90507271,10,4930,912,24.40127399,2
10,729.9270073,9.137665457,6.25,7680,1120,29.91349013,2
12,760.3406326,10.44304624,7.5,6666.666667,1066.666667,28.50714157,2
10,809.0024331,12.97548495,6.666666667,7980,1491,39.77713571,2
12,775.5474453,2.219147325,7.5,6800,226.6666667,6.228316212,2
15,760.3406326,4.177218495,10,5000,320,8.699986483,2
15,653.892944,6.526903898,9.375,4586.666667,533.3333333,14.32960485,3
15,638.6861314,5.221523118,10,4200,400,10.78838875,2
15,699.513382,7.832284677,9.375,4906.666667,640,17.17187078,2
10,760.3406326,9.137665457,6.25,8000,1120,29.92193836,2
8,797.2931873,8.041145602,5.333333333,9830.625,1155,30.86066335,2
10,836.3746959,5.221523118,7.142857143,7700,560,15.08769262,2
25,714.7201946,9.137665457,16.66666667,2820,420,11.34005812,2
25,699.513382,10.44304624,16.66666667,2760,480,12.9274804,2
20,729.9270073,10.44304624,13.33333333,3600,600,16.11922141,2
15,760.3406326,14.35918858,10,5000,1100,29.39138956,2
15,790.7542579,16.96995013,9.375,5546.666667,1386.666667,37.00437055,2
15,836.3746959,13.0538078,10,5500,1000,26.75976615,2
15,821.1678832,16.96995013,10,5400,1300,34.71377399,2
35,729.9270073,5.221523118,21.875,2194.285714,182.8571429,5.05348936,2
25,790.7542579,10.44304624,16.66666667,3120,480,12.95282509,2
8,881.9951338,11.09573663,5,11600,1700,45.34164639,2
20,881.9951338,16.96995013,13.33333333,4350,975,26.1092525,2
8,912.4087591,13.0538078,5,12000,2000,53.30832657,2
15,881.9951338,16.96995013,10,5800,1300,34.73067045,2
18,790.7542579,14.35918858,12,4333.333333,916.6666667,24.53647382,2
30,638.6861314,13.0538078,20,2100,500,13.44113274,2
25,760.3406326,11.74842702,15.625,3200,576,15.49101108,2
15,851.5815085,15.66456935,10,5600,1200,32.06947824,2
25,805.9610706,7.832284677,15.625,3392,384,10.41041498,2
20,821.1678832,13.0538078,12.5,4320,800,21.45005407,2
10,851.5815085,14.35918858,6.25,8960,1760,46.92484455,2
20,836.3746959,14.35918858,12.5,4400,880,23.57647337,2
15,790.7542579,13.0538078,9.375,5546.666667,1066.666667,28.5155898,2
20,805.9610706,14.35918858,13.33333333,3975,825,22.10901595,2
10,775.5474453,15.14241704,6.25,8160,1856,49.4503582,2
15,729.9270073,5.221523118,9.375,5120,426.6666667,11.52113184,2
15,66.90997567,3.916142339,8.333333333,528,360,9.56846445,2
25,729.9270073,10.44304624,14.70588235,3264,544,14.63368478,2
25,638.6861314,12.40111741,13.88888889,3024,684,18.32218167,2
15,669.0997567,9.137665457,9.375,4693.333333,746.6666667,19.99301613,2
15,653.892944,10.44304624,8.333333333,5160,960,25.64797918,2
12,182.4817518,2.871837715,12,1000,183.3333333,4.914053348,1
15,228.1021898,3.263451949,13.63636364,1100,183.3333333,4.926725692,1
17,190.0851582,4.568832729,14.16666667,882.3529412,247.0588235,6.606639513,1
21,167.2749392,2.871837715,17.5,628.5714286,125.7142857,3.381343413,1
22,182.4817518,3.132913871,18.33333333,654.5454545,130.9090909,3.52337241,1
26,212.8953771,3.132913871,21.66666667,646.1538462,110.7692308,2.997561711,1
25,197.6885645,3.067644832,19.23076923,676,122.2,3.29656664,1
23,212.8953771,3.524528105,19.16666667,730.4347826,140.8695652,3.796046523,1
30,211.3746959,3.393990027,25,556,104,2.817568938,1
28,235.7055961,3.172075294,23.33333333,664.2857143,104.1428571,2.828117155,1
27,212.8953771,3.132913871,20.76923077,674.0740741,115.5555556,3.124530654,1
28,228.1021898,2.871837715,21.53846154,696.4285714,102.1428571,2.772950218,1
27,226.5815085,1.958071169,20.76923077,717.4074074,72.22222222,1.978809964,1
32,250.9124088,2.088609247,24.61538462,670.3125,65,1.793981481,1
32,255.4744526,1.827533091,24.61538462,682.5,56.875,1.579713267,1
28,258.5158151,2.610761559,21.53846154,789.2857143,92.85714286,2.53507222,1
32,258.5158151,1.566456935,24.61538462,690.625,48.75,1.365022641,1
30,273.7226277,2.088609247,23.07692308,780,69.33333333,1.915269893,1
30,261.5571776,2.349685403,23.07692308,745.3333333,78,2.14179508,1
30,288.9294404,1.958071169,23.07692308,823.3333333,65,1.804541768,1
30,304.136253,1.958071169,20,1000,75,2.074040281,1
32,319.3430657,3.132913871,26.66666667,787.5,90,2.476175994,1
31,307.1776156,3.172075294,22.14285714,912.2580645,109.7419355,2.996499708,1
26,304.136253,2.649922983,18.57142857,1076.923077,109.3076923,2.984135525,1
30,304.136253,2.741299637,23.07692308,866.6666667,91,2.498479319,1
35,304.136253,3.655066183,25,800,112,3.055555556,1
35,281.3260341,3.263451949,25,740,100,2.730890105,1
34,281.3260341,3.237344333,26.15384615,707.3529412,94.82352941,2.593571593,1
35,276.7639903,3.615904759,26.92307692,676,102.8857143,2.806173483,1
37,269.1605839,2.649922983,28.46153846,621.8918919,71.32432432,1.966818552,1
28,296.5328467,3.263451949,23.33333333,835.7142857,107.1428571,2.924595933,1
40,311.7396594,3.615904759,28.57142857,717.5,96.95,2.658429643,1
36,319.3430657,2.890113046,25.71428571,816.6666667,86.1,2.372718978,1
30,304.136253,2.871837715,23.07692308,866.6666667,95.33333333,2.613431558,1
36,307.1776156,2.610761559,24,841.6666667,83.33333333,2.295947103,1
34,305.6569343,2.610761559,22.66666667,886.7647059,88.23529412,2.425561161,1
30,298.053528,3.132913871,23.07692308,849.3333333,104,2.841646391,1
28,352.4787105,5.233271545,23.33333333,993.3857143,171.8142857,4.655703882,1
28,364.9635036,4.177218495,20,1200,160,4.345769127,1
34,349.756691,3.524528105,24.28571429,947.0588235,111.1764706,3.046381772,1
27,364.9635036,4.307756573,19.28571429,1244.444444,171.1111111,4.640518458,2
23,357.3600973,4.177218495,16.42857143,1430.434783,194.7826087,5.266350629,1
25,349.756691,2.871837715,19.23076923,1196,114.4,3.131893755,1
22,387.7737226,4.529671305,15.71428571,1622.727273,220.8181818,5.965455959,1
27,368.0048662,4.699370806,19.28571429,1254.814815,186.6666667,5.054012346,2
25,319.3430657,4.568832729,17.85714286,1176,196,5.288084617,2
25,374.0875912,5.874213508,19.23076923,1279.2,234,6.311334144,2
24,349.756691,4.177218495,17.14285714,1341.666667,186.6666667,5.048943408,2
22,387.7737226,6.657441976,18.33333333,1390.909091,278.1818182,7.487166372,2
27,439.4768856,7.832284677,19.28571429,1498.518519,311.1111111,8.375058199,2
19,462.2871046,4.281648957,14.61538462,2080,224.4210526,6.081729059,1
12,501.8248175,7.832284677,9.230769231,3575,650,17.38223168,1
8,460.7664234,6.461634859,6.153846154,4923.75,804.375,21.4660001,1
9,457.7250608,6.070020625,6.923076923,4347.777778,671.6666667,17.94474295,1
11,482.0559611,4.438294651,9.166666667,3458.181818,370.9090909,9.973173032,1
15,342.1532847,4.307756573,13.63636364,1650,242,6.514683022,1
5,412.1046229,5.874213508,3.846153846,7046,1170,31.15157813,1
13,444.0389294,6.304989165,10,2920,483,12.93609759,1
7,471.4111922,6.983787171,5.384615385,5757.142857,993.5714286,26.48785386,1
5,486.6180049,8.484975067,3.846153846,8320,1690,44.96654501,2
3,471.4111922,6.735764823,2.307692308,13433.33333,2236,59.44630305,1
10,512.3783455,10.44304624,7.692307692,4380.22,1040,27.73086476,1
6,471.4111922,9.215988304,4.615384615,6716.666667,1529.666667,40.70908804,1
10,486.6180049,9.398741613,7.692307692,4160,936,24.96485537,1
8,486.6180049,8.250006527,6.153846154,5200,1027,27.37885239,1
5,494.2214112,11.3829204,3.846153846,8450,2267.2,60.28029535,1
5,504.86618,9.933947733,3.846153846,8632,1978.6,52.62743309,1
10,509.4282238,10.11670104,8.333333333,4020,930,24.8120269,1
7,503.3454988,9.098504034,5.833333333,5674.285714,1194.857143,31.83631918,1
20,380.1703163,8.093360833,15.38461538,1625,403,10.79616112,1
7,479.0145985,9.098504034,5.833333333,5400,1194.857143,31.8295606,1
6,517.0316302,5.221523118,4.615384615,7366.666667,866.6666667,23.13406777,1
8,501.8248175,9.790355847,6.666666667,4950,1125,29.98276561,1
6,517.0316302,9.790355847,5,6800,1500,39.93477967,1
14,434.9148418,4.725478422,11.66666667,2451.428571,310.2857143,8.3518953,1
12,364.9635036,4.568832729,9.230769231,2600,379.1666667,10.15969969,1
9,456.2043796,6.657441976,7.5,4000,680,18.16538254,1
11,454.6836983,4.829908884,8.461538462,3533.636364,437.2727273,11.726027,1
13,425.7907543,9.268203535,10,2800,710,18.9527575,1
10,485.0973236,8.524136491,7.692307692,4147,848.9,22.65389294,1
8,469.8905109,6.265827742,6.153846154,5021.25,780,20.82192822,1
10,440.9975669,8.850481686,8.333333333,3480,813.6,21.70522438,1
13,459.2457421,9.398741613,10,3020,720,19.22732495,1
7,460.7664234,9.007127379,5.384615385,5627.142857,1281.428571,34.12101002,1
10,479.0145985,7.375401405,7.692307692,4095,734.5,19.61746418,1
10,440.9975669,8.484975067,7.692307692,3770,845,22.538186,1
22,395.377129,5.678406391,16.92307692,1536.363636,257.0454545,6.928584814,1
15,440.9975669,9.137665457,11.53846154,2513.333333,606.6666667,16.21581283,1
17,440.9975669,7.179594288,12.14285714,2388.235294,452.9411765,12.13786914,1
7,456.2043796,8.746051223,5.384615385,5571.428571,1244.285714,33.13443788,1
8,471.4111922,8.223898911,6.153846154,5037.5,1023.75,27.2884141,1
14,453.163017,9.137665457,10.76923077,2767.142857,650,17.36871452,1
15,471.4111922,8.354436989,11.53846154,2686.666667,554.6666667,14.84483419,1
12,456.2043796,7.179594288,9.230769231,3250,595.8333333,15.93265635,1
18,463.8077859,7.179594288,13.84615385,2202.777778,397.2222222,10.6661241,1
12,486.6180049,7.179594288,9.230769231,3466.666667,595.8333333,15.94110458,1
25,471.4111922,7.832284677,19.23076923,1612,312,8.407508786,1
25,471.4111922,7.179594288,19.23076923,1612,286,7.71779535,1
18,410.5839416,6.265827742,13.84615385,1950,346.6666667,9.310230242,1
23,439.4768856,6.265827742,16.42857143,1759.130435,292.173913,7.872702816,1
23,410.5839416,5.482599274,17.69230769,1526.086957,237.3913043,6.411434642,1
32,453.163017,7.04905621,24.61538462,1210.625,219.375,5.945335733,1
30,471.4111922,7.179594288,23.07692308,1343.333333,238.3333333,6.453320717,1
30,456.2043796,5.874213508,23.07692308,1300,195,5.299574209,1
22,471.4111922,7.04905621,16.92307692,1831.818182,319.0909091,8.595612451,1
19,425.7907543,6.657441976,14.61538462,1915.789474,348.9473684,9.374955536,1
20,349.756691,5.482599274,15.38461538,1495,273,7.339145715,1
30,352.7980535,4.438294651,21.42857143,1082.666667,158.6666667,4.307019915,1
20,326.946472,3.054591024,15.38461538,1397.5,152.1,4.125642065,1
40,383.2116788,4.177218495,30.76923077,819,104,2.865301433,1
38,412.1046229,4.151110879,29.23076923,927.1052632,108.7894737,3.000379726,1
25,319.3430657,4.177218495,19.23076923,1092,166.4,4.502872398,1
25,334.5498783,4.046680417,19.23076923,1144,161.2,4.369153825,1
51,337.5912409,4.08584184,39.23076923,565.8823529,79.78431373,2.210248928,1
40,380.1703163,4.829908884,28.57142857,875,129.5,3.540906326,1
39,407.5425791,5.025716001,27.85714286,962.0512821,138.2051282,3.779434497,1
40,456.2043796,7.701746599,30.76923077,975,191.75,5.21336003,1
40,448.6009732,7.179594288,30.76923077,958.75,178.75,4.866391254,1
33,445.5596107,6.827141477,23.57142857,1243.030303,221.8787879,6.009642758,1
39,407.5425791,7.114325249,30,893.3333333,181.6666667,4.932357844,1
33,366.4841849,5.352061196,25.38461538,949.3939394,161.5151515,4.386384629,1
30,364.9635036,5.74367543,23.07692308,1040,190.6666667,5.159277282,1
35,407.5425791,5.782836854,25,1072,177.2,4.813868613,1
41,389.2944039,4.346917996,29.28571429,874.1463415,113.7073171,3.124501348,1
44,319.3430657,2.245254941,31.42857143,668.1818182,54.72727273,1.540480842,1
35,349.756691,2.19303971,25,920,67.2,1.879798594,1
45,349.756691,3.263451949,32.14285714,715.5555556,77.77777778,2.160399958,1
44,404.5012165,4.73853223,29.33333333,906.8181818,123.75,3.39513213,1
43,384.7323601,5.613137352,33.07692308,764.8837209,130,3.55543728,1
45,342.1532847,4.007518993,32.14285714,700,95.51111111,2.628707834,1
50,364.9635036,3.916142339,33.33333333,720,90,2.488848337,1
55,357.3600973,3.655066183,36.66666667,640.9090909,76.36363636,2.124998464,1
45,364.9635036,4.177218495,34.61538462,693.3333333,92.44444444,2.55369319,1
40,395.377129,4.8560165,30.76923077,845,120.9,3.316994458,1
53,395.377129,5.874213508,35.33333333,735.8490566,127.3584906,3.488321678,1
45,425.7907543,6.526903898,30,933.3333333,166.6666667,4.539515184,1
34,425.7907543,5.221523118,26.15384615,1070.588235,152.9411765,4.175413069,1
30,380.1703163,3.263451949,23.07692308,1083.333333,108.3333333,2.979408849,1
40,319.3430657,3.916142339,30.76923077,682.5,97.5,2.675131792,1
45,349.756691,2.610761559,34.61538462,664.4444444,57.77777778,1.629851161,1
40,349.756691,3.263451949,30.76923077,747.5,81.25,2.252509124,1
40,372.56691,4.046680417,30.76923077,796.25,100.75,2.776130373,1
35,364.9635036,4.307756573,25,960,132,3.603000811,1
40,384.7323601,4.438294651,26.66666667,948.75,127.5,3.489118681,1
14,486.6180049,4.568832729,10.76923077,2971.428571,325,8.756589619,1
30,396.8978102,5.156254079,23.07692308,1131,171.1666667,4.650862846,1
35,380.1703163,4.438294651,23.33333333,1071.428571,145.7142857,3.971029815,1
35,384.7323601,5.39122262,25,1012,165.2,4.489203163,1
40,334.5498783,5.482599274,30.76923077,715,136.5,3.713926061,1
41,334.5498783,5.247630734,29.28571429,751.2195122,137.2682927,3.734306899,1
28,378.649635,3.067644832,20,1245,117.5,3.222154636,1
40,322.3844282,4.033626609,28.57142857,742,108.15,2.95849385,1
45,333.0291971,4.869070308,30,730,124.3333333,3.390753131,1
42,342.1532847,4.542725113,28,803.5714286,124.2857143,3.392024389,1
32,342.1532847,2.741299637,22.85714286,984.375,91.875,2.532251115,1
44,308.6982968,4.399133227,33.84615385,599.7727273,99.56818182,2.727038481,1
30,349.756691,3.916142339,21.42857143,1073.333333,140,3.810996215,1
25,364.9635036,3.916142339,17.85714286,1344,168,4.557988646,1
22,364.9635036,5.221523118,15.71428571,1527.272727,254.5454545,6.853817985,1
35,380.1703163,3.720335222,29.16666667,857.1428571,97.71428571,2.697712702,1
30,380.1703163,5.613137352,23.07692308,1083.333333,186.3333333,5.048549157,1
35,380.1703163,5.613137352,26.92307692,928.5714286,159.7142857,4.342413973,1
25,418.1873479,6.526903898,17.85714286,1540,280,7.54384631,1
35,328.4671533,5.613137352,25,864,172,4.65396053,1
37,355.8394161,6.918518132,28.46153846,822.1621622,186.2162162,5.038683757,1
27,395.377129,4.373025612,19.28571429,1348.148148,173.7037037,4.717741532,1
38,342.1532847,7.571208522,27.14285714,828.9473684,213.6842105,5.76353762,1
32,336.0705596,4.307756573,22.85714286,966.875,144.375,3.923252061,1
35,334.5498783,4.568832729,26.92307692,817.1428571,130,3.541497702,1
35,334.5498783,4.177218495,26.92307692,817.1428571,118.8571429,3.245906229,1
42,342.1532847,4.568832729,32.30769231,696.4285714,108.3333333,2.968848563,1
39,329.9878345,3.655066183,30,723.3333333,93.33333333,2.567557673,1
38,357.3600973,4.829908884,29.23076923,803.9473684,126.5789474,3.457082106,1
35,342.1532847,4.568832729,25,900,140,3.808884158,1
45,340.6326034,5.926428739,34.61538462,647.1111111,131.1555556,3.573841278,1
35,349.756691,4.568832729,25,920,140,3.810996215,1
35,349.756691,5.613137352,25,920,172,4.65987429,1
34,326.946472,4.568832729,24.28571429,885.2941176,144.1176471,3.913890678,1
25,364.9635036,5.74367543,17.85714286,1344,246.4,6.63773993,1
25,410.5839416,7.179594288,19.23076923,1404,286,7.700898892,1
35,402.9805353,6.918518132,26.92307692,984.2857143,196.8571429,5.334055053,1
35,386.7092457,6.918518132,29.16666667,871.8857143,181.7142857,4.927834019,1
41,279.8053528,4.803801269,29.28571429,628.2926829,125.6585366,3.41112298,1
27,325.4257908,3.628958567,19.28571429,1109.62963,144.1481481,3.914277382,1
35,304.136253,3.916142339,25,800,120,3.267775074,1
49,305.6569343,3.302613372,32.66666667,615.3061224,77.44897959,2.139427851,1
45,349.756691,4.829908884,34.61538462,664.4444444,106.8888889,2.932643207,1
45,348.2360097,4.438294651,34.61538462,661.5555556,98.22222222,2.702316317,1
20,364.9635036,3.132913871,14.28571429,1680,168,4.557988646,1
35,334.5498783,3.263451949,25,880,100,2.745674507,1
35,334.5498783,3.002375793,26.92307692,817.1428571,85.42857143,2.359131812,1
38,313.2603406,3.263451949,27.14285714,758.9473684,92.10526316,2.530333589,1
32,319.3430657,3.263451949,22.85714286,918.75,109.375,2.990145141,1
37,348.2360097,3.002375793,28.46153846,804.5945946,80.81081081,2.240436148,1
35,349.756691,3.132913871,26.92307692,854.2857143,89.14285714,2.461886417,1
40,319.3430657,3.132913871,28.57142857,735,84,2.317011354,1
40,288.9294404,2.610761559,28.57142857,665,70,1.937178967,1
38,319.3430657,3.002375793,27.14285714,773.6842105,84.73684211,2.336557889,1
40,311.7396594,3.393990027,28.57142857,717.5,91,2.500591376,1
40,352.7980535,3.028483409,30.76923077,754,75.4,2.098168424,1
40,334.5498783,2.871837715,30.76923077,715,71.5,1.989642471,1
35,334.5498783,3.393990027,25,880,104,2.851784266,1
45,334.5498783,3.655066183,32.14285714,684.4444444,87.11111111,2.403765282,1
40,334.5498783,3.393990027,28.57142857,770,91,2.506927548,1
35,319.3430657,3.393990027,25,840,104,2.847560151,1
45,339.1119221,2.871837715,34.61538462,644.2222222,63.55555556,1.780163933,1
45,334.5498783,3.002375793,34.61538462,635.5555556,66.44444444,1.855531525,1
32,319.3430657,3.002375793,22.85714286,918.75,100.625,2.758030042,1
40,304.136253,2.610761559,28.57142857,700,70,1.941403082,1
40,349.756691,2.937106754,30.76923077,747.5,73.125,2.036973675,1
40,342.1532847,3.002375793,30.76923077,731.25,74.75,2.077968708,1
40,281.3260341,2.088609247,28.57142857,647.5,56,1.563682752,1
40,273.7226277,2.741299637,28.57142857,630,73.5,2.025800892,1
40,349.756691,2.884891523,30.76923077,747.5,71.825,2.002488004,1
40,349.756691,3.132913871,30.76923077,747.5,78,2.166294945,1
40,342.1532847,3.067644832,30.76923077,731.25,76.375,2.121075798,1
40,319.3430657,3.002375793,28.57142857,735,80.5,2.224165315,1
40,304.136253,2.349685403,28.57142857,700,63,1.755711003,1
38,316.3017032,2.610761559,27.14285714,766.3157895,73.68421053,2.042515047,1
40,342.1532847,2.937106754,30.76923077,731.25,73.125,2.034861618,1
45,342.1532847,3.002375793,34.61538462,650,66.44444444,1.857643582,1
45,349.756691,2.96321437,34.61538462,664.4444444,65.57777778,1.836765192,1
35,308.6982968,2.610761559,25,812,80,2.207944715,1
40,304.136253,2.010286401,28.57142857,700,53.9,1.5143113,1
38,304.136253,2.610761559,27.14285714,736.8421053,73.68421053,2.039135755,1
40,342.1532847,2.96321437,30.76923077,731.25,73.775,2.052104454,1
40,357.3600973,3.132913871,30.76923077,763.75,78,2.168407002,1
40,339.1119221,3.132913871,30.76923077,724.75,78,2.163338064,1
45,319.3430657,3.785604261,32.14285714,653.3333333,90.22222222,2.48207098,1
45,308.6982968,3.263451949,32.14285714,631.5555556,77.77777778,2.148994848,1
40,329.9878345,3.132913871,28.57142857,759.5,84,2.319968235,1
40,345.1946472,3.132913871,30.76923077,737.75,78,2.16502771,1
40,342.1532847,3.132913871,30.76923077,731.25,78,2.164182887,1
40,349.756691,3.393990027,30.76923077,747.5,84.5,2.338723304,1
40,352.7980535,3.459259066,30.76923077,754,86.125,2.382675216,1
45,326.946472,3.393990027,32.14285714,668.8888889,80.88888889,2.236593599,1
45,304.136253,2.610761559,32.14285714,622.2222222,62.22222222,1.73507855,1
45,288.9294404,2.610761559,32.14285714,591.1111111,62.22222222,1.730854435,1
45,304.136253,2.610761559,32.14285714,622.2222222,62.22222222,1.73507855,1
40,334.5498783,3.19818291,30.76923077,715,79.625,2.20517792,1
40,342.1532847,3.067644832,30.76923077,731.25,76.375,2.121075798,1
40,339.1119221,3.132913871,30.76923077,724.75,78,2.163338064,1
40,345.1946472,4.177218495,30.76923077,737.75,104,2.854741146,1
46,304.136253,3.132913871,32.85714286,608.6956522,73.04347826,2.022138768,1
40,329.9878345,3.655066183,28.57142857,759.5,98,2.691352393,1
38,334.5498783,3.393990027,27.14285714,810.5263158,95.78947368,2.633980023,1
40,372.56691,4.307756573,30.76923077,796.25,107.25,2.948558732,1
33,385.1885645,4.568832729,25.38461538,997.8484848,137.8787879,3.764568075,1
38,364.9635036,5.221523118,27.14285714,884.2105263,147.3684211,4.010685676,1
40,372.56691,4.568832729,30.76923077,796.25,113.75,3.120987091,1
35,357.3600973,3.916142339,25,940,120,3.282559476,1
33,395.377129,4.568832729,25.38461538,1024.242424,137.8787879,3.767398232,1
18,433.3941606,4.568832729,13.84615385,2058.333333,252.7777778,6.825934562,1
30,418.1873479,4.177218495,23.07692308,1191.666667,138.6666667,3.794634811,1
25,425.7907543,4.438294651,19.23076923,1456,176.8,4.808326575,1
25,456.2043796,5.221523118,17.85714286,1680,224,6.068869965,1
20,471.4111922,6.787980054,13.33333333,2325,390,10.47664909,1
20,486.6180049,7.701746599,15.38461538,2080,383.5,10.30844485,1
21,471.4111922,7.04905621,16.15384615,1919.047619,334.2857143,8.998691731,1
25,456.2043796,7.310132366,17.85714286,1680,313.6,8.445728575,1
25,456.2043796,7.310132366,17.85714286,1680,313.6,8.445728575,1
30,425.7907543,7.310132366,20,1400,280,7.545958367,1
38,479.0145985,7.636477561,29.23076923,1077.631579,200.1315789,5.442038033,1
15,532.2384428,6.526903898,10.71428571,3266.666667,466.6666667,12.52731594,1
20,562.6520681,9.137665457,13.33333333,2775,525,14.08319816,1
18,593.0656934,11.61788894,13.84615385,2816.666667,642.7777778,17.21598931,1
15,620.4379562,11.35681278,11.53846154,3536,754,20.17403352,1
15,608.2725061,9.529279691,10.71428571,3733.333333,681.3333333,18.2429936,2
15,608.2725061,9.529279691,10.71428571,3733.333333,681.3333333,18.2429936,1
8,669.0997567,10.31250816,6.153846154,7150,1283.75,34.24046195,1
45,380.1703163,2.349685403,32.14285714,777.7777778,56,1.591139497,1
20,418.1873479,4.438294651,13.33333333,2062.5,255,6.880660314,1
10,517.0316302,7.179594288,7.142857143,4760,770,20.56974858,2
12,517.0316302,6.787980054,10,3400,520,13.93788862,2
15,501.8248175,9.137665457,10,3300,700,18.70860368,2
15,532.2384428,9.790355847,11.53846154,3033.333333,650,17.39067991,2
15,501.8248175,9.529279691,11.53846154,2860,632.6666667,16.92242273,2
7,539.8418491,8.484975067,5.833333333,6085.714286,1114.285714,29.70910333,2
9,402.9805353,9.398741613,7.5,3533.333333,960,25.57828129,2
15,532.2384428,10.051432,11.53846154,3033.333333,667.3333333,17.85048887,2
20,471.4111922,6.526903898,15.38461538,2015,325,8.752365504,2
15,465.3284672,6.526903898,10.71428571,2856,466.6666667,12.50872984,2
14,501.8248175,8.484975067,10.76923077,3064.285714,603.5714286,16.15060055,2
10,471.4111922,7.179594288,7.142857143,4340,770,20.55707624,2
10,486.6180049,7.179594288,7.142857143,4480,770,20.56130035,2
18,501.8248175,7.179594288,13.84615385,2383.333333,397.2222222,10.67668439,2
15,547.4452555,9.790355847,11.53846154,3120,650,17.39490403,2
14,539.8418491,7.832284677,10.76923077,3296.428571,557.1428571,14.9295297,2
20,440.9975669,5.221523118,15.38461538,1885,260,7.019633685,2
12,479.0145985,5.221523118,9.230769231,3412.5,433.3333333,11.62828355,2
28,425.7907543,6.135289664,21.53846154,1300,218.2142857,5.906941548,2
20,501.8248175,6.526903898,15.38461538,2145,325,8.760813733,1
35,440.9975669,8.484975067,26.92307692,1077.142857,241.4285714,6.52698123,1
10,486.6180049,7.832284677,7.692307692,4160,780,20.82657475,1
15,593.0656934,13.0538078,11.53846154,3380,866.6666667,23.15518834,2
10,547.4452555,11.74842702,7.692307692,4680,1170,31.18917275,2
12,471.4111922,11.09573663,9.230769231,3358.333333,920.8333333,24.55829841,2
15,486.6180049,11.09573663,11.53846154,2773.333333,736.6666667,19.67705236,2
15,456.2043796,9.007127379,11.53846154,2600,598,15.99013247,2
12,517.0316302,9.790355847,9.230769231,3683.333333,812.5,21.69716477,2
18,456.2043796,8.484975067,13.84615385,2166.666667,469.4444444,12.5798827,2
14,460.7664234,10.31250816,10.76923077,2813.571429,733.5714286,19.58776262,2
20,448.6009732,10.44304624,15.38461538,1917.5,520,13.9188801,2
20,410.5839416,10.18197008,15.38461538,1755,507,13.5634631,2
12,486.6180049,8.615513145,9.230769231,3466.666667,715,19.10229116,2
15,456.2043796,7.832284677,11.53846154,2600,520,13.92099216,2
18,410.5839416,9.137665457,13.84615385,1950,505.5555556,13.52514569,2
12,456.2043796,9.137665457,9.230769231,3250,758.3333333,20.24336532,2
23,402.9805353,8.876589301,17.69230769,1497.826087,384.3478261,10.30770288,2
30,448.6009732,6.526903898,23.07692308,1278.333333,216.6666667,5.872223349,2
20,433.3941606,9.790355847,15.38461538,1852.5,487.5,13.05251419,2
28,395.377129,9.007127379,21.53846154,1207.142857,320.3571429,8.608081817,2
20,425.7907543,8.484975067,15.38461538,1820,422.5,11.32611855,2
27,402.9805353,7.701746599,20.76923077,1275.925926,284.0740741,7.64769695,2
15,410.5839416,7.701746599,11.53846154,2340,511.3333333,13.67841534,1
15,433.3941606,6.526903898,11.53846154,2470,433.3333333,11.6156112,1
8,430.3527981,7.179594288,6.153846154,4598.75,893.75,23.82844181,2
13,501.8248175,7.832284677,9.285714286,3553.846154,646.1538462,17.28020307,2
8,539.8418491,7.701746599,6.153846154,5768.75,958.75,25.58313902,2
18,494.2214112,7.701746599,13.84615385,2347.222222,426.1111111,11.44092059,2
12,517.0316302,9.790355847,9.230769231,3683.333333,812.5,21.69716477,2
17,456.2043796,9.268203535,13.07692308,2294.117647,542.9411765,14.52956284,2
20,448.6009732,7.310132366,15.38461538,1917.5,364,9.780599486,2
23,448.6009732,9.007127379,17.69230769,1667.391304,390,10.47031292,2
25,410.5839416,9.137665457,19.23076923,1404,364,9.7700392,2
15,486.6180049,10.44304624,11.53846154,2773.333333,693.3333333,18.52752996,2
16,440.9975669,11.48735086,12.30769231,2356.25,715,19.08961882,2
15,456.2043796,11.61788894,11.53846154,2600,771.3333333,20.58822204,2
12,517.0316302,9.398741613,9.230769231,3683.333333,780,20.83502298,2
12,534.0632603,11.09573663,9.230769231,3804.666667,920.8333333,24.57570177,2
15,380.1703163,4.568832729,11.53846154,2166.666667,303.3333333,8.15225962,2
10,471.4111922,7.832284677,7.692307692,4030,780,20.82235064,2
11,456.2043796,9.790355847,6.875,4363.636364,1090.909091,29.06574873,2
12,471.4111922,9.790355847,8.571428571,3616.666667,875,23.34245742,2
5,547.4452555,9.790355847,3.571428571,10080,2100,55.85969181,2
10,486.6180049,9.659817769,7.142857143,4480,1036,27.61759935,2
10,471.4111922,11.48735086,6.666666667,4650,1320,35.14716815,2
7,479.0145985,9.790355847,4.666666667,6750,1607.142857,42.76644508,1
8,494.2214112,10.44304624,5.714285714,5687.5,1400,37.27569951,2
8,532.2384428,7.571208522,5.333333333,6562.5,1087.5,28.99643485,2
5,212.8953771,2.219147325,2.941176471,4760,578,15.39199784,3
8,197.6885645,3.263451949,5,2600,500,13.31863341,3
8,212.8953771,3.393990027,4.705882353,2975,552.5,14.71554812,3
10,258.5158151,4.568832729,6.666666667,2550,525,13.99871587,2
12,258.5158151,3.785604261,7.058823529,2408.333333,410.8333333,10.97016649,2
8,258.5158151,4.177218495,5.714285714,2975,560,14.92717626,2
5,288.9294404,6.265827742,3.571428571,5320,1344,35.73313733,2
8,197.6885645,4.568832729,5.714285714,2275,612.5,16.3029704,2
8,182.4817518,3.655066183,5.714285714,2100,490,13.0491349,1
5,364.9635036,6.526903898,3.571428571,6720,1400,37.23979454,2
6,380.1703163,5.874213508,4.285714286,5833.333333,1050,27.95941471,2
5,319.3430657,4.177218495,3.333333333,6300,960,25.55504866,2
8,380.1703163,5.874213508,5.333333333,4687.5,843.75,22.48813024,2
8,425.7907543,9.137665457,5.714285714,4900,1225,32.61438902,2
7,258.5158151,4.960446962,4.666666667,3642.857143,814.2857143,21.67272525,1
5,349.756691,5.874213508,3.571428571,6440,1260,33.52172885,2
8,190.0851582,3.655066183,4.705882353,2656.25,595,15.83662814,3
10,174.8783455,3.263451949,5.882352941,1955,425,11.32273925,1
9,270.6812652,4.829908884,5.294117647,3362.222222,698.8888889,18.6149222,3
8,273.7226277,9.137665457,5,3600,1400,37.21444985,1
8,349.756691,7.832284677,4.705882353,4887.5,1275,33.91964044,2
7,349.756691,8.093360833,4.375,5257.142857,1417.142857,37.69032654,1
8,197.6885645,3.002375793,4.705882353,2762.5,488.75,13.02019972,3
6,197.6885645,3.002375793,3.529411765,3683.333333,651.6666667,17.34196179,3
8,197.6885645,2.610761559,5,2600,400,10.66588943,3
8,197.6885645,3.263451949,4.705882353,2762.5,531.25,14.14761591,3
15,197.6885645,5.221523118,8.333333333,1560,480,12.78808462,3
10,197.6885645,3.916142339,5.882352941,2210,510,13.58390781,3
10,197.6885645,4.307756573,6.25,2080,528,14.06140173,3
10,197.6885645,3.916142339,5.882352941,2210,510,13.58390781,3
14,197.6885645,5.221523118,8.235294118,1578.571429,485.7142857,12.93966999,3
8,205.2919708,3.393990027,4.705882353,2868.75,552.5,14.71343606,3
10,179.4403893,3.785604261,5.882352941,2006,493,13.1278724,3
10,200.729927,3.002375793,5.882352941,2244,391,10.42798729,3
11,194.6472019,3.785604261,6.111111111,2094.545455,474.5454545,12.64254467,3
15,197.6885645,5.221523118,8.333333333,1560,480,12.78808462,3
12,167.2749392,3.524528105,7.058823529,1558.333333,382.5,10.193211,3
13,206.8126521,4.438294651,7.647058824,1778.461538,444.6153846,11.85195583,3
10,205.2919708,4.568832729,5.882352941,2295,595,15.84085226,3
12,193.1265207,3.655066183,6.666666667,1905,420,11.19517099,3
8,212.8953771,3.655066183,4.444444444,3150,630,16.77142471,3
8,228.1021898,3.785604261,4.444444444,3375,652.5,17.37251622,3
9,228.1021898,3.524528105,5,3000,540,14.38817924,3
10,212.8953771,3.916142339,5.555555556,2520,540,14.38395512,3
10,212.8953771,3.263451949,5.555555556,2520,450,11.99648554,3
13,212.8953771,3.916142339,7.647058824,1830.769231,392.3076923,10.46605631,3
10,205.2919708,4.177218495,5.555555556,2430,576,15.3368309,3
10,159.6715328,3.916142339,5.555555556,1890,540,14.36917072,3
10,174.8783455,3.263451949,5.555555556,2070,450,11.98592525,3
12,168.7956204,2.741299637,7.058823529,1572.5,297.5,7.938801027,3
12,167.2749392,3.916142339,6.666666667,1650,450,11.98381319,3
15,217.4574209,4.307756573,8.333333333,1716,396,10.56527102,3
10,212.8953771,3.655066183,5.555555556,2520,504,13.42896729,3
15,190.0851582,4.712424614,8.823529412,1416.666667,409.1333333,10.90606132,3
10,197.6885645,3.916142339,5.555555556,2340,540,14.37973101,3
15,174.8783455,3.785604261,8.333333333,1380,348,9.280126386,3
15,167.2749392,3.942249954,8.333333333,1320,362.4,9.660009462,3
15,167.2749392,4.568832729,8.333333333,1320,420,11.18799,3
14,167.2749392,3.929196147,8.235294118,1335.714286,365.5,9.742244526,3
12,182.4817518,3.916142339,6.666666667,1800,450,11.98803731,3
13,180.9610706,3.890034723,7.222222222,1647.692308,412.6153846,10.99589676,3
10,205.2919708,4.177218495,5.555555556,2430,576,15.3368309,3
7,231.5997567,3.015429601,3.888888889,3916.285714,594,15.82163254,3
13,211.3746959,3.446205258,7.647058824,1817.692308,345.2307692,9.216803658,3
8,217.4574209,4.177218495,4.444444444,3217.5,720,19.16016153,3
8,243.3090024,3.916142339,4.210526316,3800,712.5,18.96838673,3
10,182.4817518,4.568832729,5.555555556,2160,630,16.76297648,3
10,228.1021898,4.568832729,5.555555556,2700,630,16.77564882,3
14,180.9610706,4.97350077,7.777777778,1530,489.8571429,13.04492286,3
15,167.2749392,3.393990027,8.333333333,1320,312,8.323026494,3
15,136.8613139,3.916142339,8.333333333,1080,360,9.587895377,3
13,197.6885645,4.046680417,7.222222222,1800,429.2307692,11.4413069,3
13,182.4817518,3.002375793,7.222222222,1661.538462,318.4615385,8.498658681,3
15,167.2749392,3.655066183,8.333333333,1320,336,8.95968505,3
12,197.6885645,2.871837715,6.666666667,1950,330,8.80896864,3
10,243.3090024,3.002375793,5.555555556,2880,414,11.04994593,3
10,228.1021898,3.785604261,5.555555556,2700,522,13.91068532,3
10,220.4987835,3.002375793,5.555555556,2610,414,11.04360976,3
12,220.4987835,3.916142339,6.666666667,2175,450,11.99859759,3
10,319.3430657,3.002375793,5.555555556,3780,414,11.0710665,3
12,334.5498783,5.482599274,6.666666667,3300,630,16.80521763,3
10,395.377129,3.002375793,5.555555556,4680,414,11.09218708,3
8,471.4111922,4.177218495,4.444444444,6975,720,19.23070424,3
8,319.3430657,3.916142339,4.444444444,4725,675,17.9947283,2
13,471.4111922,7.375401405,8.666666667,3576.923077,651.9230769,17.42479776,2
10,471.4111922,10.18197008,6.666666667,4650,1170,31.16805218,2
12,471.4111922,8.223898911,8.571428571,3616.666667,735,19.62861584,2
10,471.4111922,8.484975067,6.666666667,4650,975,25.99520141,2
15,456.2043796,7.571208522,10.71428571,2800,541.3333333,14.48691088,2
10,486.6180049,8.484975067,7.142857143,4480,910,24.27514193,2
10,486.6180049,9.137665457,7.142857143,4480,980,26.13206272,2
8,486.6180049,8.876589301,5.714285714,5600,1190,31.70282509,2
10,471.4111922,9.659817769,7.142857143,4340,1036,27.61337524,2
13,479.0145985,8.484975067,9.285714286,3392.307692,700,18.7022675,2
5,486.6180049,11.09573663,3.571428571,8960,2380,63.27047851,2
8,486.6180049,9.790355847,5.714285714,5600,1312.5,34.95243647,2
6.5,477.0377129,10.83466047,4.333333333,7239.230769,1915.384615,50.94276065,2
15,413.6253041,5.874213508,9.375,2901.333333,480,12.84806705,2
8,501.8248175,7.179594288,5,6600,1100,29.31957962,2
5,501.8248175,10.18197008,3.333333333,9900,2340,62.21360503,2
15,577.8588808,11.74842702,10.71428571,3546.666667,840,22.44356583,2
7,532.2384428,11.74842702,5,7000,1800,47.89723574,2
13,501.8248175,11.09573663,9.285714286,3553.846154,915.3846154,24.42220611,2
10,494.2214112,10.3777772,6.666666667,4875,1192.5,31.77125574,2
10,547.4452555,11.74842702,7.142857143,5040,1260,33.57664234,2
7,562.6520681,10.44304624,4.666666667,7928.571429,1714.285714,45.63190341,2
25,517.0316302,5.221523118,16.66666667,2040,240,6.510205461,2
35,501.8248175,8.484975067,23.33333333,1414.285714,278.5714286,7.529182598,2
20,517.0316302,9.137665457,13.33333333,2550,525,14.07052582,2
5,760.3406326,16.96995013,3.846153846,13000,3380,89.87395242,2
10,699.513382,16.70887398,7.692307692,5980,1664,44.33596918,2
8,714.7201946,16.96995013,5.333333333,8812.5,2437.5,64.85916802,2
10,684.3065693,15.01187897,7.142857143,6300,1610,42.89926331,2
20,638.6861314,9.790355847,14.28571429,2940,525,14.10431873,2
20,661.4963504,9.137665457,14.28571429,3045,490,13.18219451,2
15,669.0997567,10.44304624,11.53846154,3813.333333,693.3333333,18.57821934,2
15,760.3406326,11.09573663,10.71428571,4666.666667,793.3333333,21.25630801,2
15,760.3406326,9.790355847,10.71428571,4666.666667,700,18.78041363,2
15,790.7542579,11.74842702,10.71428571,4853.333333,840,22.50270343,2
15,760.3406326,11.74842702,11.53846154,4333.333333,780,20.90260881,2
15,745.13382,9.137665457,10.71428571,4573.333333,653.3333333,17.53824232,2
12,813.5644769,9.464010652,9.230769231,5795.833333,785.4166667,21.06108351,2
12,866.7883212,7.375401405,9.230769231,6175,612.0833333,16.47777834,2
15,851.5815085,10.44304624,10.71428571,5226.666667,746.6666667,20.04370551,2
15,129.2579075,11.09573663,11.53846154,736.6666667,736.6666667,19.57778566,2
25,129.2579075,11.09573663,17.85714286,476,476,12.66296634,2
15,167.2749392,14.35918858,11.53846154,953.3333333,953.3333333,25.33595792,2
8,821.1678832,15.66456935,6.153846154,8775,1950,51.95660989,2
7,836.3746959,16.96995013,5.384615385,10214.28571,2414.285714,64.27714537,2
20,577.8588808,6.526903898,14.28571429,2660,350,9.445120303,2
15,608.2725061,11.74842702,11.53846154,3466.666667,780,20.86036767,2
12,638.6861314,13.0538078,8.571428571,4900,1166.666667,31.12609264,2
13,684.3065693,13.0538078,9.285714286,4846.153846,1076.923077,28.7580973,2
13,623.4793187,11.74842702,10,4100,900,24.04788456,2
12,653.892944,11.74842702,8.571428571,5016.666667,1050,28.03544877,2
12,836.3746959,14.35918858,8.571428571,6416.666667,1283.333333,34.27587411,2
14,836.3746959,14.35918858,9.333333333,5892.857143,1178.571429,31.49680898,2
12,684.3065693,14.35918858,7.5,6000,1466.666667,39.09699694,2
15,653.892944,14.35918858,10,4300,1100,29.36182076,2
15,676.703163,16.96995013,10.71428571,4153.333333,1213.333333,32.37460012,2
11,684.3065693,15.66456935,7.857142857,5727.272727,1527.272727,40.70472056,2
30,547.4452555,5.221523118,20,1800,200,5.457556096,2
25,517.0316302,5.874213508,16.66666667,2040,270,7.306028656,2
20,456.2043796,5.221523118,12.5,2400,320,8.61550419,2
20,544.4038929,7.440670444,13.33333333,2685,427.5,11.49170384,2
10,684.3065693,15.66456935,6.25,7200,1920,51.12276967,2
10,684.3065693,15.01187897,6.25,7200,1840,49.00057448,2
10,714.7201946,14.62026473,5.882352941,7990,1904,50.70677886,2
8,714.7201946,15.66456935,5,9400,2400,63.86438902,2
20,501.8248175,7.179594288,13.33333333,2475,412.5,11.08196472,2
10,653.892944,11.09573663,6.666666667,6450,1275,34.00412274,2
10,684.3065693,14.35918858,6.25,7200,1760,46.87837929,2
8,653.892944,13.70649819,5.333333333,8062.5,1968.75,52.40753413,2
15,699.513382,15.4034932,9.375,4906.666667,1258.666667,33.58351356,2
8,684.3065693,15.66456935,5.333333333,8437.5,2250,59.87682482,2
15,517.0316302,3.916142339,10,3400,300,8.101851852,2
18,440.9975669,4.960446962,10.58823529,2738.888889,358.8888889,9.642902736,2
15,471.4111922,6.239720126,9.375,3306.666667,509.8666667,13.65640488,2
12,603.7104623,13.0538078,7.5,5293.333333,1333.333333,35.53761715,2
10,669.0997567,13.0538078,6.666666667,6600,1500,39.97702082,2
15,608.2725061,13.0538078,8.333333333,4800,1200,32.0018924,2
15,608.2725061,11.74842702,8.333333333,4800,1080,28.81859962,2
15,694.9513382,14.09811242,9.375,4874.666667,1152,30.75265274,2
18,638.6861314,12.79273164,11.25,3733.333333,871.1111111,23.28576042,2
20,638.6861314,11.74842702,12.5,3360,720,19.27716951,2
15,684.3065693,13.0538078,9.375,4800,1066.666667,28.486021,2
13,710.1581509,12.66219356,8.125,5747.692308,1193.846154,31.86694819,2
10,699.513382,13.70649819,5.882352941,7820,1785,47.5457894,2
12,722.323601,15.66456935,6.666666667,7125,1800,47.95003717,2
12,684.3065693,12.85800068,7.5,6000,1313.333333,35.02945616,2
14,729.9270073,14.62026473,8.75,5485.714286,1280,34.15788051,2
12,654.0450122,6.918518132,8,5376.25,662.5,17.75610807,2
13,593.0656934,5.221523118,8.666666667,4500,461.5384615,12.40817425,2
12,512.4695864,5.221523118,7.5,4493.333333,533.3333333,14.29032058,2
13,501.8248175,4.568832729,7.647058824,4315.384615,457.6923077,12.28080094,2
18,471.4111922,5.221523118,11.25,2755.555556,355.5555556,9.562926166,2
18,486.6180049,6.526903898,10.58823529,3022.222222,472.2222222,12.66201826,2
12,532.2384428,5.482599274,8,4375,525,14.07474993,2
14,507.9075426,9.137665457,9.333333333,3578.571429,750,20.03666531,2
10,570.2554745,9.398741613,5.882352941,6375,1224,32.62799067,2
15,547.4452555,9.529279691,8.823529412,4080,827.3333333,22.09910336,2
12,471.4111922,7.701746599,7.5,4133.333333,786.6666667,20.99920023,2
8,532.2384428,8.484975067,5,7000,1300,34.63351582,2
15,684.3065693,10.18197008,9.375,4800,832,22.26091511,2
13,623.4793187,11.74842702,8.125,5046.153846,1107.692308,29.55742976,2
12,486.6180049,4.699370806,8,4000,450,12.0725196,2
15,501.8248175,4.568832729,10,3300,350,9.42399973,2
15,501.8248175,5.221523118,10,3300,400,10.75037172,2
10,653.892944,14.35918858,6.25,6880,1760,46.86993106,2
10,684.3065693,15.66456935,6.25,7200,1920,51.12276967,2
10,471.4111922,3.655066183,6.666666667,4650,420,11.27247229,2
11,440.9975669,4.568832729,7.333333333,3954.545455,477.2727273,12.78332289,2
8,653.892944,13.0538078,5.714285714,7525,1750,46.60465666,2
10,608.2725061,15.66456935,7.142857143,5600,1680,44.73506353,2
10,593.0656934,14.09811242,6.666666667,5850,1620,43.13919303,2
12,517.0316302,7.310132366,8.571428571,3966.666667,653.3333333,17.4748806,2
12,638.6861314,11.35681278,8,5250,1087.5,29.02600365,2
12,541.3625304,9.529279691,8,4450,912.5,24.35666734,2
13,562.6520681,11.64399655,8.666666667,4269.230769,1029.230769,27.45914956,2
15,562.6520681,15.66456935,10,3700,1200,31.98922006,2
18,608.2725061,13.0538078,12.85714286,3111.111111,777.7777778,20.8014178,2
20,684.3065693,13.0538078,14.28571429,3150,700,18.75929305,2
12,684.3065693,13.0538078,8,5625,1250,33.34938497,2
15,425.7907543,3.785604261,10.71428571,2613.333333,270.6666667,7.298368929,2
15,428.8321168,3.916142339,10,2820,300,8.077351987,2
15,479.0145985,6.265827742,10.71428571,2940,448,12.01735266,2
18,517.0316302,6.526903898,12,2833.333333,416.6666667,11.19671983,2
20,532.2384428,6.265827742,13.33333333,2625,360,9.697722357,2
18,532.2384428,7.179594288,12.85714286,2722.222222,427.7777778,11.49569328,2
16,561.1313869,8.484975067,11.42857143,3228.75,568.75,15.24335124,2
17,547.4452555,8.484975067,11.33333333,3176.470588,573.5294118,15.3663351,2
17,532.2384428,7.832284677,11.33333333,3088.235294,529.4117647,14.19178276,2
20,555.0486618,8.484975067,13.33333333,2737.5,487.5,13.08630711,2
20,565.6934307,8.876589301,12.5,2976,544,14.58806434,2
20,494.2214112,8.484975067,12.5,2600,520,13.93155245,2
20,562.6520681,8.484975067,13.33333333,2775,487.5,13.08841917,2
20,547.4452555,7.179594288,12.5,2880,440,11.82414166,2
20,555.0486618,7.179594288,13.33333333,2737.5,412.5,11.09674912,2
18,605.2311436,7.962822755,10.58823529,3758.888889,576.1111111,15.45087261,2
20,608.2725061,8.484975067,11.76470588,3400,552.5,14.8253751,2
25,532.2384428,9.137665457,16.66666667,2100,420,11.28936875,2
25,524.6350365,6.526903898,14.70588235,2346,340,9.165061503,1
30,532.2384428,7.832284677,18.75,1866.666667,320,8.636624763,1
30,593.0656934,8.876589301,18.75,2080,362.6666667,9.785358655,2
30,593.0656934,7.832284677,18.75,2080,320,8.653521222,2
30,577.8588808,8.484975067,20,1900,325,8.781934307,2
30,577.8588808,8.484975067,20,1900,325,8.781934307,2
30,608.2725061,8.484975067,20,2000,325,8.790382536,2
25,623.4793187,7.179594288,15.625,2624,352,9.510847526,2
25,623.4793187,7.179594288,15.625,2624,352,9.510847526,2
22,653.892944,7.832284677,14.66666667,2931.818182,409.0909091,11.03377141,2
20,653.892944,8.876589301,13.33333333,3225,510,13.71063125,2
12,676.703163,6.526903898,7.5,5933.333333,666.6666667,17.872933,2
15,669.0997567,6.526903898,9.375,4693.333333,533.3333333,14.33382896,2
20,638.6861314,6.526903898,12.5,3360,400,10.78838875,2
13,711.6788321,6.265827742,7.647058824,6120,627.6923077,16.8487585,2
10,714.7201946,6.787980054,5.882352941,7990,884,23.64879021,2
18,737.5304136,7.179594288,11.25,4311.111111,488.8888889,13.17384015,2
13,729.9270073,7.440670444,7.647058824,6276.923077,745.3846154,19.97590305,2
15,608.2725061,6.265827742,9.375,4266.666667,512,13.75101379,2
25,608.2725061,6.526903898,16.66666667,2400,300,8.12719654,2
30,547.4452555,5.874213508,18.75,1920,240,6.51865369,1
30,532.2384428,6.526903898,20,1750,250,6.779703974,1
30,547.4452555,7.179594288,18.75,1920,293.3333333,7.933450482,1
30,547.4452555,7.832284677,18.75,1920,320,8.640848878,2
17,608.2725061,6.39636582,10.625,3764.705882,461.1764706,12.40279567,2
20,623.4793187,6.526903898,13.33333333,3075,375,10.12097864,2
20,638.6861314,7.832284677,12.5,3360,480,12.91058394,2
25,623.4793187,7.832284677,15.625,2624,384,10.3597256,2
25,623.4793187,7.832284677,16.66666667,2460,360,9.723067045,2
25,631.0827251,9.137665457,14.70588235,2822,476,12.80236212,2
25,623.4793187,8.484975067,14.70588235,2788,442,11.89831711,2
25,555.0486618,7.832284677,16.66666667,2190,360,9.704058529,2
30,562.6520681,7.832284677,18.75,1973.333333,320,8.645072993,2
22,562.6520681,7.962822755,12.94117647,2859.090909,471.3636364,12.66036275,2
23,593.0656934,7.832284677,13.52941176,2882.608696,443.4782609,11.92908336,2
30,593.0656934,7.179594288,18.75,2080,293.3333333,7.946122826,2
18,684.3065693,9.137665457,11.25,4000,622.2222222,16.69604773,2
